ADDR,법정동,번,지
울산광역시 울주군 상북면 이천리 142,울산광역시 울주군 상북면 이천리,142,
울산광역시 울주군 상북면 이천리 60,울산광역시 울주군 상북면 이천리,60,
울산광역시 울주군 상북면 명촌리 162-4,울산광역시 울주군 상북면 명촌리,162,4
경상남도 창원시 의창구 북면 무동리 산5,경상남도 창원시 의창구 북면 무동리,5,
울산광역시 울주군 상북면 길천리 896,울산광역시 울주군 상북면 길천리,896,
울산광역시 울주군 상북면 등억알프스리 572-2,울산광역시 울주군 상북면 등억알프스리,572,2
울산광역시 울주군 상북면 지내리 755-1,울산광역시 울주군 상북면 지내리,755,1
경상남도 창원시 의창구 동읍 용강리 산63-1,경상남도 창원시 의창구 동읍 용강리,63,1
울산광역시 울주군 상북면 산전리 343-1,울산광역시 울주군 상북면 산전리,343,1
울산광역시 울주군 상북면 이천리 837,울산광역시 울주군 상북면 이천리,837,
울산광역시 울주군 상북면 향산리 161-2,울산광역시 울주군 상북면 향산리,161,2
울산광역시 울주군 상북면 이천리 109-3,울산광역시 울주군 상북면 이천리,109,3
울산광역시 울주군 상북면 거리 1121-1,울산광역시 울주군 상북면 거리,1121,1
울산광역시 울주군 상북면 이천리 96,울산광역시 울주군 상북면 이천리,96,
울산광역시 울주군 상북면 거리 1104-5,울산광역시 울주군 상북면 거리,1104,5
울산광역시 울주군 상북면 덕현리 810-2,울산광역시 울주군 상북면 덕현리,810,2
울산광역시 울주군 상북면 양등리 473-1,울산광역시 울주군 상북면 양등리,473,1
울산광역시 울주군 상북면 거리 1100,울산광역시 울주군 상북면 거리,1100,
울산광역시 울주군 상북면 길천리 451-3,울산광역시 울주군 상북면 길천리,451,3
울산광역시 울주군 상북면 이천리 738-1,울산광역시 울주군 상북면 이천리,738,1
울산광역시 울주군 상북면 소호리 563-2,울산광역시 울주군 상북면 소호리,563,2
경상남도 창원시 의창구 동읍 용강리 산129-6,경상남도 창원시 의창구 동읍 용강리,129,6
울산광역시 울주군 상북면 소호리 530-1,울산광역시 울주군 상북면 소호리,530,1
울산광역시 울주군 상북면 산전리 233,울산광역시 울주군 상북면 산전리,233,
울산광역시 울주군 상북면 이천리 186,울산광역시 울주군 상북면 이천리,186,
강원도 속초시 영랑동 1-6 (동명4지구),강원도 속초시 영랑동,1,6
울산광역시 울주군 상북면 등억알프스리 701,울산광역시 울주군 상북면 등억알프스리,701,
울산광역시 울주군 상북면 이천리 568,울산광역시 울주군 상북면 이천리,568,
울산광역시 울주군 상북면 이천리 337,울산광역시 울주군 상북면 이천리,337,
울산광역시 울주군 상북면 이천리 832-4,울산광역시 울주군 상북면 이천리,832,4
울산광역시 울주군 상북면 지내리 630-2,울산광역시 울주군 상북면 지내리,630,2
울산광역시 울주군 상북면 명촌리 42,울산광역시 울주군 상북면 명촌리,42,
충청북도 영동군 영동읍 당곡리 161-1,충청북도 영동군 영동읍 당곡리,161,1
울산광역시 울주군 상북면 명촌리 10-2,울산광역시 울주군 상북면 명촌리,10,2
울산광역시 울주군 상북면 거리 1024-1,울산광역시 울주군 상북면 거리,1024,1
울산광역시 울주군 상북면 이천리 729-1,울산광역시 울주군 상북면 이천리,729,1
울산광역시 울주군 상북면 산전리 342-3,울산광역시 울주군 상북면 산전리,342,3
울산광역시 울주군 상북면 이천리 128,울산광역시 울주군 상북면 이천리,128,
울산광역시 울주군 상북면 이천리 63,울산광역시 울주군 상북면 이천리,63,
울산광역시 울주군 상북면 산전리 50-14,울산광역시 울주군 상북면 산전리,50,14
울산광역시 울주군 상북면 이천리 233,울산광역시 울주군 상북면 이천리,233,
울산광역시 울주군 상북면 등억알프스리 549-5,울산광역시 울주군 상북면 등억알프스리,549,5
울산광역시 울주군 상북면 이천리 144-25,울산광역시 울주군 상북면 이천리,144,25
울산광역시 울주군 상북면 산전리 775,울산광역시 울주군 상북면 산전리,775,
울산광역시 울주군 상북면 이천리 310,울산광역시 울주군 상북면 이천리,310,
울산광역시 울주군 상북면 명촌리 5,울산광역시 울주군 상북면 명촌리,5,
울산광역시 울주군 상북면 이천리 36,울산광역시 울주군 상북면 이천리,36,
울산광역시 울주군 상북면 이천리 139,울산광역시 울주군 상북면 이천리,139,
울산광역시 울주군 상북면 이천리 114-3,울산광역시 울주군 상북면 이천리,114,3
울산광역시 울주군 상북면 명촌리 499-1,울산광역시 울주군 상북면 명촌리,499,1
울산광역시 울주군 상북면 등억알프스리 477,울산광역시 울주군 상북면 등억알프스리,477,
울산광역시 울주군 상북면 이천리 539-2,울산광역시 울주군 상북면 이천리,539,2
울산광역시 울주군 상북면 이천리 804,울산광역시 울주군 상북면 이천리,804,
울산광역시 울주군 상북면 이천리 829,울산광역시 울주군 상북면 이천리,829,
서울특별시 송파구 석촌동 15-1 (백제고분로 295),서울특별시 송파구 석촌동,15,1
부산광역시 북구 구포1동 1203-2(동광빌라),부산광역시 북구,1,
부산광역시 북구 만덕1동 63-2,부산광역시 북구,1,
울산광역시 울주군 웅촌면 곡천리 630-1,울산광역시 울주군 웅촌면 곡천리,630,1
부산광역시 북구 화명1동 878-12,부산광역시 북구,1,
부산광역시 부산진구 당감1동 490-5(당감동 무궁화아파트 옆 옹벽),부산광역시 부산진구,1,
울산광역시 중구 동동 116-14,울산광역시 중구 동동,116,14
부산광역시 북구 화명동 산 204,부산광역시 북구 화명동 산,204,
울산광역시 울주군 온산읍 처용리 산26-1,울산광역시 울주군 온산읍 처용리,26,1
"울산광역시 중구 다운동 82, 성안동 1254, 복산동 721 (농로주변법면)",울산광역시 중구 다운동,82,
울산광역시 중구 동동 400 (어련당 뒤 소공원 법면),울산광역시 중구 동동,400,
인천광역시 중구 연안부두로 139,인천광역시 중구 연안부두로,139,
서울특별시 송파구 마천동 311-3,서울특별시 송파구 마천동,311,3
경상북도 영천시 망정동 232-1,경상북도 영천시 망정동,232,1
광주광역시 남구 봉선동 610-22 (대화아파트 옹벽),광주광역시 남구 봉선동,610,22
서울특별시 은평구 응암동 39-200,서울특별시 은평구 응암동,39,200
경상북도 울진군 매화면 오산리 1186-1 (신한가스 인근),경상북도 울진군 매화면 오산리,1186,1
서울특별시 은평구 갈현동 300-104,서울특별시 은평구 갈현동,300,104
강원도 평창군 대관령면 유천리 산 90,강원도 평창군 대관령면 유천리 산,90,
강원도 삼척시 미로면 상사전리 산 99-5,강원도 삼척시 미로면 상사전리 산,99,5
울산광역시 중구 남외동 325-1 인근,울산광역시 중구 남외동,325,1
서울특별시 은평구 갈현동 9-21,서울특별시 은평구 갈현동,9,21
부산광역시 부산진구 초읍동 507-2(부산진고등학교 옆 옹벽),부산광역시 부산진구 초읍동,507,2
충청북도 영동군 영동읍 동정리 71-1,충청북도 영동군 영동읍 동정리,71,1
부산광역시 서구 남부민동 636-2(동천주택 하부측 사면),부산광역시 서구 남부민동,636,2
서울특별시 송파구 잠실동 209-10,서울특별시 송파구 잠실동,209,10
"울산광역시 울주군 두동면 구미리 산214-15, 299 일원",울산광역시 울주군 두동면 구미리,214,15
강원도 평창군 진부면 하진부리 336(진부체육공원 씨름장),강원도 평창군 진부면 하진부리,336,
강원도 평창군 진부면 하진부리 1289-46 (진부체육공원 씨름장),강원도 평창군 진부면 하진부리,1289,46
서울특별시 마포구 용강동 51-3,서울특별시 마포구 용강동,51,3
경상북도 울진군 기성면 이평리 442-6,경상북도 울진군 기성면 이평리,442,6
부산광역시 동래구 온천동 산160-4,부산광역시 동래구 온천동,160,4
제주특별자치도 서귀포시 안덕면 사계리 3693번지일원,제주특별자치도 서귀포시 안덕면 사계리,3693,
제주특별자치도 서귀포시 안덕면 사계리 3693번지일원,제주특별자치도 서귀포시 안덕면 사계리,3693,
충청북도 진천군 광혜원면 구암리 188,충청북도 진천군 광혜원면 구암리,188,
울산광역시 울주군 범서읍 중리 211,울산광역시 울주군 범서읍 중리,211,
강원도 영월군 영월읍 정양리 427-3 (황새여울),강원도 영월군 영월읍 정양리,427,3
강원도 춘천시 서면 덕두원리 산 4-1,강원도 춘천시 서면 덕두원리 산,4,1
강원도 춘천시 서면 덕두원리 산 29-3,강원도 춘천시 서면 덕두원리 산,29,3
강원도 평창군 방림면 방림리 산 483-1,강원도 평창군 방림면 방림리 산,483,1
경기도 의왕시 학의동 337-3(백운로),경기도 의왕시 학의동,337,3
대구광역시 동구 신천동 329-6 (동대구역 복합환승센터),대구광역시 동구 신천동,329,6
울산광역시 중구 서동 193,울산광역시 중구 서동,193,
강원도 양양군 서면 서림리 산 1-19,강원도 양양군 서면 서림리 산,1,19
부산광역시 동래구 명장동 600-19,부산광역시 동래구 명장동,600,19
강원도 홍천군 서면 모곡리 산 234-4,강원도 홍천군 서면 모곡리 산,234,4
경상북도 상주시 함창읍 신흥리 490-2,경상북도 상주시 함창읍 신흥리,490,2
"제주특별자치도 서귀포시 안덕면 서광리 산24-6
(신화역사공원 A지구 숙박시설 신축공사)",제주특별자치도 서귀포시 안덕면 서광리,24,6
강원도 영월군 주천면 판운리 1377-17,강원도 영월군 주천면 판운리,1377,17
인천광역시 부평구 부평동 760-427,인천광역시 부평구 부평동,760,427
충청북도 영동군 상촌면 물한리 산 4-17,충청북도 영동군 상촌면 물한리 산,4,17
전라북도 남원시 주천면 호경리 산40번지 일원,전라북도 남원시 주천면 호경리,40,
충청북도 충주시 용탄동 364-4,충청북도 충주시 용탄동,364,4
인천광역시 부평구 산곡동 87-876,인천광역시 부평구 산곡동,87,876
전라북도 익산시 웅포면 입점리 산 165-5,전라북도 익산시 웅포면 입점리 산,165,5
서울특별시 송파구 거여동 14,서울특별시 송파구 거여동,14,
강원도 춘천시 서면 덕두원리 산 4-1,강원도 춘천시 서면 덕두원리 산,4,1
부산광역시 서구 서대신동3가 704-130,부산광역시 서구,3,
전라북도 군산시 해망동 산 5-43,전라북도 군산시 해망동 산,5,43
인천광역시 중구 도원동 71-65번지,인천광역시 중구 도원동,71,65
서울특별시 양천구 신월동 1063-3 소공원,서울특별시 양천구 신월동,1063,3
광주광역시 남구 진월동 13-4 제석로 사면,광주광역시 남구 진월동,13,4
광주광역시 남구 서동 147-1,광주광역시 남구 서동,147,1
전라남도 여수시 웅천동 541-1,전라남도 여수시 웅천동,541,1
전라남도 여수시 웅천동 산14-3,전라남도 여수시 웅천동,14,3
충청북도 괴산군 청천면 금평리 116-5,충청북도 괴산군 청천면 금평리,116,5
전라남도 여수시 소라면 죽림리 1096,전라남도 여수시 소라면 죽림리,1096,
전라남도 여수시 시전동 946-3,전라남도 여수시 시전동,946,3
전라남도 여수시 오림동 147-2,전라남도 여수시 오림동,147,2
전라남도 여수시 웅천동 1645,전라남도 여수시 웅천동,1645,
충청북도 진천군 이월면 노원리 748-1,충청북도 진천군 이월면 노원리,748,1
충청북도 진천군 이월면 사곡리 1267,충청북도 진천군 이월면 사곡리,1267,
충청북도 진천군 이월면 신월리 997-2,충청북도 진천군 이월면 신월리,997,2
충청북도 진천군 이월면 중산리 1384,충청북도 진천군 이월면 중산리,1384,
충청북도 진천군 이월면 노원리 573-3,충청북도 진천군 이월면 노원리,573,3
충청북도 진천군 이월면 사곡리 1361,충청북도 진천군 이월면 사곡리,1361,
충청북도 진천군 이월면 송림리 산29-1,충청북도 진천군 이월면 송림리,29,1
충청북도 진천군 이월면 삼용리 1276,충청북도 진천군 이월면 삼용리,1276,
충청북도 진천군 이월면 사당리 292-17,충청북도 진천군 이월면 사당리,292,17
충청북도 진천군 이월면 신월리 317-23,충청북도 진천군 이월면 신월리,317,23
충청북도 진천군 이월면 사곡리 763-0,충청북도 진천군 이월면 사곡리,763,0
경기도 평택시 청북읍 후사리 265-35,경기도 평택시 청북읍 후사리,265,35
충청북도 진천군 이월면 사곡리 480,충청북도 진천군 이월면 사곡리,480,
충청북도 진천군 이월면 사곡리 산98-55,충청북도 진천군 이월면 사곡리,98,55
충청북도 진천군 이월면 노원리 1131,충청북도 진천군 이월면 노원리,1131,
강원도 양구군 남면 웅진리 산107-2 (군도10호선),강원도 양구군 남면 웅진리,107,2
강원도 양구군 양구읍 수인리 산72-11번지 (군도 1호),강원도 양구군 양구읍 수인리,72,11
강원도 양구군 방산면 금악리 산145-11번지 (군도6호선),강원도 양구군 방산면 금악리,145,11
충청북도 진천군 이월면 사곡리 산55-55 (1105번지선),충청북도 진천군 이월면 사곡리,55,55
울산광역시 동구 방어동 1328,울산광역시 동구 방어동,1328,
"충청북도 진천군 이월면 사곡리 1293 (1083,1121선)",충청북도 진천군 이월면 사곡리,1293,
광주광역시 남구 행암동 520번지,광주광역시 남구 행암동,520,
부산광역시 동구 수정동 844-158,부산광역시 동구 수정동,844,158
경상남도 함양군 백전면 백운리 102-1,경상남도 함양군 백전면 백운리,102,1
전라남도 장흥군 안양면 비동리 81-3,전라남도 장흥군 안양면 비동리,81,3
"전라남도 장흥군 안양면 사촌리 373-1 (위임국도 77호선, 18호선)",전라남도 장흥군 안양면 사촌리,373,1
전라남도 장흥군 장평면 어곡리 182-12 (농어촌도로 101호선),전라남도 장흥군 장평면 어곡리,182,12
전라남도 장흥군 장동면 봉동리 921-1 (농어촌도로 101호선),전라남도 장흥군 장동면 봉동리,921,1
전라남도 장흥군 장평면 선정리 산8-4 (지방도 836호선),전라남도 장흥군 장평면 선정리,8,4
전라남도 장흥군 장평면 어곡리 233-4 (지방도 843호선),전라남도 장흥군 장평면 어곡리,233,4
전라남도 장흥군 장흥읍 금산리 산47-2,전라남도 장흥군 장흥읍 금산리,47,2
충청북도 진천군 이월면 사곡리 499,충청북도 진천군 이월면 사곡리,499,
충청북도 진천군 이월면 삼용리 1016,충청북도 진천군 이월면 삼용리,1016,
충청북도 진천군 이월면 사곡리 120,충청북도 진천군 이월면 사곡리,120,
충청북도 진천군 이월면 노원리 346,충청북도 진천군 이월면 노원리,346,
충청북도 진천군 이월면 중산리 114-5,충청북도 진천군 이월면 중산리,114,5
충청북도 진천군 이월면 중산리 413,충청북도 진천군 이월면 중산리,413,
충청북도 진천군 이월면 송림리 산29-1,충청북도 진천군 이월면 송림리,29,1
부산광역시 사상구 엄궁로 202,부산광역시 사상구 엄궁로,202,
,,,
인천광역시 중구 제물량로 257,인천광역시 중구 제물량로,257,
전라북도 전주시 덕진구 진북동 산65-2,전라북도 전주시 덕진구 진북동,65,2
경기도 수원시 권선구 곡반정동 553번지,경기도 수원시 권선구 곡반정동,553,
강원도 원주시 단구동 1433-27,강원도 원주시 단구동,1433,27
강원도 원주시 지정면 보통리 664,강원도 원주시 지정면 보통리,664,
강원도 원주시 태장동 937-2,강원도 원주시 태장동,937,2
강원도 원주시 소초면 수암리 753-7(패션아웃렛 내),강원도 원주시 소초면 수암리,753,7
강원도 원주시 단계동 149-24,강원도 원주시 단계동,149,24
강원도 원주시 우산동 823(옹벽),강원도 원주시 우산동,823,
부산광역시 동구 초량동 1127-51,부산광역시 동구 초량동,1127,51
인천광역시 부평구 부평동 750-101(신축공사현장 옆 이면도로),인천광역시 부평구 부평동,750,101
경기도 가평군 가평읍 개곡리 산 261-1,경기도 가평군 가평읍 개곡리 산,261,1
서울특별시 송파구 신천동 1,서울특별시 송파구 신천동,1,
,,,
서울특별시 송파구 거여동 42-18,서울특별시 송파구 거여동,42,18
경상북도 포항시 북구 환호동 산65,경상북도 포항시 북구 환호동,65,
울산광역시 울주군 웅촌면 은현리 산137-1,울산광역시 울주군 웅촌면 은현리,137,1
울산광역시 울주군 웅촌면 곡천리 산24-1,울산광역시 울주군 웅촌면 곡천리,24,1
울산광역시 울주군 청량읍 율리 산337,울산광역시 울주군 청량읍 율리,337,
울산광역시 울주군 청량읍 율리 산103,울산광역시 울주군 청량읍 율리,103,
울산광역시 울주군 웅촌면 은현리 산241-1,울산광역시 울주군 웅촌면 은현리,241,1
울산광역시 울주군 범서읍 중리 산204,울산광역시 울주군 범서읍 중리,204,
울산광역시 울주군 청량읍 율리 산17,울산광역시 울주군 청량읍 율리,17,
제주특별자치도 제주시 추자면 예초리 322-1번지 (지방도 1114호선),제주특별자치도 제주시 추자면 예초리,322,1
경상북도 영주시 문수면 수도리 139,경상북도 영주시 문수면 수도리,139,
,,,
인천광역시 중구 도원동 21-68번지,인천광역시 중구 도원동,21,68
울산광역시 동구 화정동 산160-1,울산광역시 동구 화정동,160,1
인천광역시 부평구 십정동 94-16,인천광역시 부평구 십정동,94,16
충청북도 청주시 상당구 낭성면 무성리 18-2,충청북도 청주시 상당구 낭성면 무성리,18,2
충청북도 청주시 상당구 미원면 운암리 302-1,충청북도 청주시 상당구 미원면 운암리,302,1
충청북도 청주시 청원구 오창읍 화산리 62,충청북도 청주시 청원구 오창읍 화산리,62,
충청북도 청주시 상당구 낭성면 이목리 174-1,충청북도 청주시 상당구 낭성면 이목리,174,1
충청북도 청주시 상당구 미원면 금관리 383-3,충청북도 청주시 상당구 미원면 금관리,383,3
충청북도 청주시 상당구 가덕면 한계리 349-2,충청북도 청주시 상당구 가덕면 한계리,349,2
충청북도 청주시 상당구 미원면 금관리 388,충청북도 청주시 상당구 미원면 금관리,388,
충청북도 청주시 상당구 월오동 559-48,충청북도 청주시 상당구 월오동,559,48
충청북도 청주시 상당구 미원면 운암리 215,충청북도 청주시 상당구 미원면 운암리,215,
충청북도 청주시 상당구 미원면 운암리 99,충청북도 청주시 상당구 미원면 운암리,99,
충청북도 청주시 상당구 월오동 산11-1,충청북도 청주시 상당구 월오동,11,1
충청북도 청주시 상당구 낭성면 관정리 51-1,충청북도 청주시 상당구 낭성면 관정리,51,1
충청북도 청주시 상당구 월오동 505-1,충청북도 청주시 상당구 월오동,505,1
충청북도 청주시 흥덕구 송절동 48,충청북도 청주시 흥덕구 송절동,48,
충청북도 청주시 상당구 월오동 559-30,충청북도 청주시 상당구 월오동,559,30
충청북도 청주시 상당구 운동동 67,충청북도 청주시 상당구 운동동,67,
충청북도 청주시 상당구 미원면 어암리 3,충청북도 청주시 상당구 미원면 어암리,3,
울산광역시 울주군 상북면 이천리 559,울산광역시 울주군 상북면 이천리,559,
울산광역시 울주군 상북면 길천리 508-8,울산광역시 울주군 상북면 길천리,508,8
울산광역시 울주군 상북면 등억알프스리 687,울산광역시 울주군 상북면 등억알프스리,687,
울산광역시 울주군 상북면 이천리 737,울산광역시 울주군 상북면 이천리,737,
대구광역시 달성군 현풍면 원교리 407-1 현풍119안전센터,대구광역시 달성군 현풍면 원교리,407,1
경상북도 경주시 안강읍 산대리 1245-1,경상북도 경주시 안강읍 산대리,1245,1
울산광역시 울주군 두동면 만화리 58-10,울산광역시 울주군 두동면 만화리,58,10
전라북도 정읍시 상동 209-3,전라북도 정읍시 상동,209,3
광주광역시 광산구 월계동 893-1,광주광역시 광산구 월계동,893,1
충청남도 당진시 석문면 장고항리 172-9 (해안가),충청남도 당진시 석문면 장고항리,172,9
부산광역시 사상구 엄궁동 25-3 (엄궁동 엄궁교회 신축현장),부산광역시 사상구 엄궁동,25,3
경상북도 울진군 금강송면 소광리 산11 (송전선로 공사현장),경상북도 울진군 금강송면 소광리,11,
서울특별시 송파구 오금동 74-10,서울특별시 송파구 오금동,74,10
경상북도 영주시 풍기읍 동부리 454-4,경상북도 영주시 풍기읍 동부리,454,4
서울특별시 송파구 마천동 12-11,서울특별시 송파구 마천동,12,11
서울특별시 송파구 거여동 204-63,서울특별시 송파구 거여동,204,63
울산광역시 중구 옥교동 277-1,울산광역시 중구 옥교동,277,1
강원도 평창군 봉평면 덕거리 282,강원도 평창군 봉평면 덕거리,282,
강원도 평창군 진부면 두일리 산79,강원도 평창군 진부면 두일리,79,
강원도 평창군 진부면 거문리 산181,강원도 평창군 진부면 거문리,181,
,,,
경상북도 영양군 영양읍 감천리 604-1,경상북도 영양군 영양읍 감천리,604,1
강원도 원주시 무실동 641-1,강원도 원주시 무실동,641,1
경상북도 안동시 안기동 207-2 일대,경상북도 안동시 안기동,207,2
경상남도 거창군 웅양면 산포리 산9,경상남도 거창군 웅양면 산포리,9,
대구광역시 달성군 다사읍 죽곡리 204,대구광역시 달성군 다사읍 죽곡리,204,
전라북도 전주시 덕진구 덕진동1가1263-4,전라북도 전주시 덕진구,11263,4
울산광역시 북구 진장동 650 세차장,울산광역시 북구 진장동,650,
울산광역시 중구 태화동 산34-2 LH공사장,울산광역시 중구 태화동,34,2
전라북도 정읍시 감곡면 승방리 183-2,전라북도 정읍시 감곡면 승방리,183,2
전라북도 정읍시 산내면 매죽리 산213-9,전라북도 정읍시 산내면 매죽리,213,9
전라북도 정읍시 산내면 매죽리 산212-8,전라북도 정읍시 산내면 매죽리,212,8
전라북도 정읍시 정우면 산북리 산28-1,전라북도 정읍시 정우면 산북리,28,1
전라북도 정읍시 금붕동 산133,전라북도 정읍시 금붕동,133,
전라북도 정읍시 시기동 83-16,전라북도 정읍시 시기동,83,16
전라북도 정읍시 칠보면 와우리 산38,전라북도 정읍시 칠보면 와우리,38,
전라북도 정읍시 장명동 산1,전라북도 정읍시 장명동,1,
울산광역시 울주군 온산읍 산암리 360,울산광역시 울주군 온산읍 산암리,360,
울산광역시 북구 효문동 196-3 동진오토텍,울산광역시 북구 효문동,196,3
울산광역시 북구 효문동 81-1 세진글라스,울산광역시 북구 효문동,81,1
울산광역시 북구 연암동 1367 금영ETS,울산광역시 북구 연암동,1367,
울산광역시 북구 화봉동 642-1 드림마트,울산광역시 북구 화봉동,642,1
울산광역시 북구 연암동 945 덕양산업,울산광역시 북구 연암동,945,
울산광역시 중구 성안동 519-8 (성안중학교 배드민턴장),울산광역시 중구 성안동,519,8
울산광역시 중구 남외동 549-31 공사장,울산광역시 중구 남외동,549,31
울산광역시 북구 화봉동 448-1 (화봉시장),울산광역시 북구 화봉동,448,1
울산광역시 북구 효문동 산68-1,울산광역시 북구 효문동,68,1
울산광역시 중구 동동 471-28,울산광역시 중구 동동,471,28
울산광역시 남구 야음동 168-1,울산광역시 남구 야음동,168,1
강원도 삼척시 남양동 341 모델하우스,강원도 삼척시 남양동,341,
경상북도 경주시 양남면 신대리 1265-3,경상북도 경주시 양남면 신대리,1265,3
경상북도 경주시 양남면 신대리 산140-1,경상북도 경주시 양남면 신대리,140,1
,,,
,,,
대전광역시 중구 대흥동 326-166,대전광역시 중구 대흥동,326,166
강원도 동해시 삼화동 200 (쌍용양회동해공장),강원도 동해시 삼화동,200,
울산광역시 중구 교동 173-5,울산광역시 중구 교동,173,5
서울특별시 성북구 삼선동1가 306-3,서울특별시 성북구,1,
충청북도 음성군 대소면 오류리 602-1,충청북도 음성군 대소면 오류리,602,1
경기도 가평군 설악면 엄소리 33-24,경기도 가평군 설악면 엄소리,33,24
경기도 화성시 남양읍 북양리 77-16,경기도 화성시 남양읍 북양리,77,16
부산광역시 부산진구 전포동 564-3,부산광역시 부산진구 전포동,564,3
충청북도 진천군 이월면 중산리 산10-1,충청북도 진천군 이월면 중산리,10,1
충청북도 진천군 진천읍 벽암리 570-1,충청북도 진천군 진천읍 벽암리,570,1
부산광역시 영도구 남항동2가 16,부산광역시 영도구,2,
대구광역시 중구 종로1가 48,대구광역시 중구,1,
울산광역시 남구 여천동 190,울산광역시 남구 여천동,190,
인천광역시 남동구 구월동 349-93,인천광역시 남동구 구월동,349,93
서울특별시 영등포구 여의도동 23,서울특별시 영등포구 여의도동,23,
서울특별시 동대문구 제기동 979,서울특별시 동대문구 제기동,979,
부산광역시 중구 보수동1가 32,부산광역시 중구,1,
서울특별시 강남구 논현동 119,서울특별시 강남구 논현동,119,
서울특별시 서대문구 남가좌동 124-149,서울특별시 서대문구 남가좌동,124,149
경상북도 포항시 남구 송도동 253-55,경상북도 포항시 남구 송도동,253,55
인천광역시 남구 학익동 646,인천광역시 남구 학익동,646,
경상북도 울진군 원남면 금매리 379,경상북도 울진군 원남면 금매리,379,
경상북도 고령군 개진면 양전리 398-3,경상북도 고령군 개진면 양전리,398,3
인천광역시 강화군 송해면 하도리 361-1,인천광역시 강화군 송해면 하도리,361,1
부산광역시 북구 화명동 898-2,부산광역시 북구 화명동,898,2
경상남도 사천시 실안동 1131,경상남도 사천시 실안동,1131,
경상북도 봉화군 봉성면 금봉리 710-2,경상북도 봉화군 봉성면 금봉리,710,2
경기도 성남시 분당구 야탑동 757,경기도 성남시 분당구 야탑동,757,
인천광역시 서구 오류동 1206-3,인천광역시 서구 오류동,1206,3
인천광역시 부평구 부평동 274-21,인천광역시 부평구 부평동,274,21
경기도 성남시 분당구 서현동 261-5,경기도 성남시 분당구 서현동,261,5
경기도 양주시 남면 상수리 665-3,경기도 양주시 남면 상수리,665,3
인천광역시 강화군 불은면 삼성리 826-2,인천광역시 강화군 불은면 삼성리,826,2
경상북도 봉화군 석포면 석포리 555,경상북도 봉화군 석포면 석포리,555,
울산광역시 울주군 상북면 덕현리 산23-1,울산광역시 울주군 상북면 덕현리,23,1
강원도 강릉시 성산면 산북리 1271-3,강원도 강릉시 성산면 산북리,1271,3
강원도 삼척시 남양동 55-4 (중앙시장),강원도 삼척시 남양동,55,4
울산광역시 동구 화정동 849-27 (CN마트),울산광역시 동구 화정동,849,27
강원도 삼척시 원덕읍 월천리 631-2,강원도 삼척시 원덕읍 월천리,631,2
강원도 삼척시 원당동 117,강원도 삼척시 원당동,117,
강원도 삼척시 정상동 386-5,강원도 삼척시 정상동,386,5
강원도 삼척시 남양동 15-9,강원도 삼척시 남양동,15,9
강원도 삼척시 근덕면 매원리 78-6,강원도 삼척시 근덕면 매원리,78,6
경상북도 상주시 내서면 능암리 322,경상북도 상주시 내서면 능암리,322,
,,,
전라북도 익산시 왕궁면 구덕리 산214,전라북도 익산시 왕궁면 구덕리,214,
대구광역시 달서구 갈산동 358-73,대구광역시 달서구 갈산동,358,73
,,,
,,,
강원도 태백시 황지동 59-163,강원도 태백시 황지동,59,163
대전광역시 중구 선화동 21-8,대전광역시 중구 선화동,21,8
경상북도 봉화군 재산면 갈산리 238,경상북도 봉화군 재산면 갈산리,238,
경상북도 칠곡군 왜관읍 석전리 872 (외 ~ 약목면 관호리),경상북도 칠곡군 왜관읍 석전리,872,
서울특별시 은평구 역촌동 232 (역촌센트레빌 104동 옆),서울특별시 은평구 역촌동,232,
울산광역시 중구 성안동 산160,울산광역시 중구 성안동,160,
울산광역시 울주군 상북면 천전리 313 일원,울산광역시 울주군 상북면 천전리,313,
울산광역시 울주군 상북면 천전리 304 일원,울산광역시 울주군 상북면 천전리,304,
울산광역시 울주군 상북면 천전리 455 일원,울산광역시 울주군 상북면 천전리,455,
울산광역시 중구 성안동 1165 (농경지 법면),울산광역시 중구 성안동,1165,
충청북도 충주시 종민동 1018-1,충청북도 충주시 종민동,1018,1
,,,
대구광역시 서구 내당동 65-5,대구광역시 서구 내당동,65,5
경상북도 영주시 문수면 권선리 304,경상북도 영주시 문수면 권선리,304,
충청북도 보은군 삼승면 우진리 산13,충청북도 보은군 삼승면 우진리,13,
충청북도 충주시 교현동 148-29,충청북도 충주시 교현동,148,29
울산광역시 중구 복산동 653-24,울산광역시 중구 복산동,653,24
서울특별시 강동구 천호동 419-1,서울특별시 강동구 천호동,419,1
강원도 원주시 문막읍 반계리 2251,강원도 원주시 문막읍 반계리,2251,
부산광역시 남구 용호3동 산20-1,부산광역시 남구,3,
부산광역시 남구 용호3동 산35-1,부산광역시 남구,3,
부산광역시 남구 용호4동 산78-1,부산광역시 남구,4,
부산광역시 남구 용당동 산72,부산광역시 남구 용당동,72,
부산광역시 남구 용호동 산195-2,부산광역시 남구 용호동,195,2
부산광역시 남구 용호2동 산157-2,부산광역시 남구,2,
서울특별시 송파구 마천동 358-15,서울특별시 송파구 마천동,358,15
부산광역시 남구 용호3동 산104-3,부산광역시 남구,3,
부산광역시 남구 용호3동 519-1,부산광역시 남구,3,
강원도 춘천시 신북읍 천전리 38-28,강원도 춘천시 신북읍 천전리,38,28
울산광역시 중구 북정동 50-4,울산광역시 중구 북정동,50,4
"강원도 춘천시 신북읍 천전리 산70-1, 산70-2, 산71-3, 산71-5",강원도 춘천시 신북읍 천전리,70,1
인천광역시 강화군 하점면 부근리 681-4,인천광역시 강화군 하점면 부근리,681,4
강원도 원주시 문막읍 건등리 1438,강원도 원주시 문막읍 건등리,1438,
충청북도 제천시 덕산면 수산리 903,충청북도 제천시 덕산면 수산리,903,
울산광역시 중구 남외동 483-16,울산광역시 중구 남외동,483,16
전라북도 익산시 갈산동 87-4,전라북도 익산시 갈산동,87,4
충청북도 진천군 문백면 봉죽리 257,충청북도 진천군 문백면 봉죽리,257,
충청북도 진천군 광혜원면 금곡리 89,충청북도 진천군 광혜원면 금곡리,89,
전라북도 정읍시 충정로 324-1,전라북도 정읍시 충정로,324,1
경상북도 영주시 영주동 547,경상북도 영주시 영주동,547,
경상북도 포항시 남구 호미곶면 대동배리 산95,경상북도 포항시 남구 호미곶면 대동배리,95,
충청북도 보은군 보은읍 성족리 산16,충청북도 보은군 보은읍 성족리,16,
,,,
경상북도 봉화군 소천면 분천리 105-1,경상북도 봉화군 소천면 분천리,105,1
경상남도 통영시 정량동 1398,경상남도 통영시 정량동,1398,
경상북도 성주군 선남면 선원리 378-2,경상북도 성주군 선남면 선원리,378,2
경상북도 김천시 부항면 하대리 717-1,경상북도 김천시 부항면 하대리,717,1
전라북도 익산시 평화동 37,전라북도 익산시 평화동,37,
경상남도 창원시 마산합포구 구산면 심리 산3,경상남도 창원시 마산합포구 구산면 심리,3,
경상남도 창원시 마산합포구 완월동 산98-69,경상남도 창원시 마산합포구 완월동,98,69
경기도 성남시 중원구 상대원동 149-1,경기도 성남시 중원구 상대원동,149,1
경상남도 창원시 마산합포구 진전면 평암리 산564 (외 2개소),경상남도 창원시 마산합포구 진전면 평암리,564,
부산광역시 북구 구포동 1(양덕여중),부산광역시 북구 구포동,1,
울산광역시 울주군 서생면 위양리 1091-2,울산광역시 울주군 서생면 위양리,1091,2
울산광역시 울주군 온산읍 원산리 916-12,울산광역시 울주군 온산읍 원산리,916,12
부산광역시 북구 만덕2동 861-2,부산광역시 북구,2,
울산광역시 울주군 서생면 서생리 산26-1,울산광역시 울주군 서생면 서생리,26,1
울산광역시 울주군 서생면 나사리 251,울산광역시 울주군 서생면 나사리,251,
"울산광역시 울주군 온산읍 덕신리 681, 682",울산광역시 울주군 온산읍 덕신리,681,
울산광역시 울주군 온산읍 덕신리 1065,울산광역시 울주군 온산읍 덕신리,1065,
부산광역시 북구 화명1동 878-12,부산광역시 북구,1,
부산광역시 북구 만덕1동 산 2,부산광역시 북구,1,
,,,
부산광역시 북구 만덕1동 775-2,부산광역시 북구,1,
전라북도 군산시 조촌동 산 48-1,전라북도 군산시 조촌동 산,48,1
경상남도 창원시 마산합포구 진전면 곡안리 산91-3 (외 5개소),경상남도 창원시 마산합포구 진전면 곡안리,91,3
부산광역시 북구 덕천2동 812,부산광역시 북구,2,
경상남도 창원시 진해구 용원동 산220-3 (외 5필지 7개소),경상남도 창원시 진해구 용원동,220,3
부산광역시 북구 구포3동 1245,부산광역시 북구,3,
"울산광역시 울주군 서생면 용리 5-1, 5-5",울산광역시 울주군 서생면 용리,5,1
울산광역시 울주군 서생면 대송리 산20,울산광역시 울주군 서생면 대송리,20,
울산광역시 울주군 온산읍 삼평리 143,울산광역시 울주군 온산읍 삼평리,143,
부산광역시 북구 구포2동 882-28,부산광역시 북구,2,
울산광역시 울주군 서생면 화산리 산179-4,울산광역시 울주군 서생면 화산리,179,4
"울산광역시 울주군 온산읍 덕신리 1134, 1135",울산광역시 울주군 온산읍 덕신리,1134,
울산광역시 울주군 서생면 화산리 산237,울산광역시 울주군 서생면 화산리,237,
울산광역시 울주군 서생면 화산리 산45,울산광역시 울주군 서생면 화산리,45,
부산광역시 북구 구포 2동 952(비버힐맨션 앞),부산광역시 북구 구포,2,
"울산광역시 울주군 온산읍 강양리 201, 198",울산광역시 울주군 온산읍 강양리,201,
부산광역시 북구 만덕3동 산 161,부산광역시 북구,3,
경상남도 창원시 의창구 퇴촌동 산113 (외 1개소),경상남도 창원시 의창구 퇴촌동,113,
부산광역시 북구 구포1동 1075,부산광역시 북구,1,
울산광역시 울주군 온산읍 강양리 893-3,울산광역시 울주군 온산읍 강양리,893,3
울산광역시 울주군 서생면 서생리 산47,울산광역시 울주군 서생면 서생리,47,
울산광역시 울주군 서생면 화산리 산49-1,울산광역시 울주군 서생면 화산리,49,1
부산광역시 북구 구포1동 산 48-321,부산광역시 북구,1,
부산광역시 북구 만덕2동 861-5,부산광역시 북구,2,
경상남도 창원시 의창구 용동 산48 (외 1개소),경상남도 창원시 의창구 용동,48,
부산광역시 북구 덕천동 637,부산광역시 북구 덕천동,637,
경상남도 창원시 성산구 귀곡동 560-10 (외 3개소),경상남도 창원시 성산구 귀곡동,560,10
울산광역시 울주군 서생면 대송리 산16,울산광역시 울주군 서생면 대송리,16,
"경상남도 창원시 마산회원구 회성동, 두척동 산88 (외 3개소)","경상남도 창원시 마산회원구 회성동, 두척동",88,
울산광역시 울주군 서생면 화정리 산62,울산광역시 울주군 서생면 화정리,62,
강원도 속초시 영랑동 1-6,강원도 속초시 영랑동,1,6
경상북도 울진군 기성면 기성리 104,경상북도 울진군 기성면 기성리,104,
충청북도 충주시 용산동 1940-3,충청북도 충주시 용산동,1940,3
경기도 성남시 분당구 삼평동 682 유스페이스몰 야외공연장,경기도 성남시 분당구 삼평동,682,
충청북도 충주시 살미면 재오개리 53-2,충청북도 충주시 살미면 재오개리,53,2
경상북도 울진군 근남면 노음리 828-1 (인근도로),경상북도 울진군 근남면 노음리,828,1
서울특별시 마포구 도화동 25-13,서울특별시 마포구 도화동,25,13
제주특별자치도 서귀포시 안덕면 사계리 3693번지일원,제주특별자치도 서귀포시 안덕면 사계리,3693,
제주특별자치도 서귀포시 안덕면 사계리 3693번지일원,제주특별자치도 서귀포시 안덕면 사계리,3693,
서울특별시 송파구 거여동 26-8,서울특별시 송파구 거여동,26,8
경기도 연천군 신서면 도신리 974-3,경기도 연천군 신서면 도신리,974,3
경기도 연천군 신서면 덕산리 3,경기도 연천군 신서면 덕산리,3,
경기도 연천군 신서면 신현리 25,경기도 연천군 신서면 신현리,25,
경기도 연천군 신서면 도밀리 406,경기도 연천군 신서면 도밀리,406,
경기도 연천군 신서면 도밀리 378,경기도 연천군 신서면 도밀리,378,
경기도 연천군 신서면 신현리 15,경기도 연천군 신서면 신현리,15,
경기도 연천군 신서면 도밀리 7,경기도 연천군 신서면 도밀리,7,
경기도 연천군 신서면 도밀리 384,경기도 연천군 신서면 도밀리,384,
경기도 연천군 신서면 도밀리 3-1,경기도 연천군 신서면 도밀리,3,1
경기도 연천군 신서면 도신리 962,경기도 연천군 신서면 도신리,962,
경기도 연천군 신서면 답곡리 1072,경기도 연천군 신서면 답곡리,1072,
경기도 연천군 중면 도연리 94,경기도 연천군 중면 도연리,94,
강원도 홍천군 내촌면 물걸리 56,강원도 홍천군 내촌면 물걸리,56,
경기도 구리시 교문동 813,경기도 구리시 교문동,813,
경상남도 밀양시 산외면 희곡리 950,경상남도 밀양시 산외면 희곡리,950,
경상남도 밀양시 산내면 남명리 산219,경상남도 밀양시 산내면 남명리,219,
경상남도 밀양시 단장면 구천리 산143,경상남도 밀양시 단장면 구천리,143,
경상남도 밀양시 단장면 구천리 산92,경상남도 밀양시 단장면 구천리,92,
충청북도 진천군 이월면 장양리 434-50,충청북도 진천군 이월면 장양리,434,50
충청북도 진천군 이월면 송림리 418-1,충청북도 진천군 이월면 송림리,418,1
충청북도 진천군 이월면 송림리 94-14,충청북도 진천군 이월면 송림리,94,14
경기도 수원시 권선구 평동 55-4,경기도 수원시 권선구 평동,55,4
경기도 안산시 상록구 사동 1639-24,경기도 안산시 상록구 사동,1639,24
전라남도 여수시 웅천동 1857-6,전라남도 여수시 웅천동,1857,6
전라북도 완주군 구이면 원기리 산12-2,전라북도 완주군 구이면 원기리,12,2
경상북도 청송군 부남면 화장리 365,경상북도 청송군 부남면 화장리,365,
,,,
부산광역시 동래구 칠산동 1-83,부산광역시 동래구 칠산동,1,83
울산광역시 울주군 삼동면 하잠리 1483,울산광역시 울주군 삼동면 하잠리,1483,
부산광역시 서구 남부민동 441-50(남부민공영주차장 앞),부산광역시 서구 남부민동,441,50
제주특별자치도 서귀포시 안덕면 사계리 3693번지일원,제주특별자치도 서귀포시 안덕면 사계리,3693,
전라북도 전주시 덕진구 덕진동1가 1410-36,전라북도 전주시 덕진구,1,
제주특별자치도 서귀포시 안덕면 사계리 3693번지일원,제주특별자치도 서귀포시 안덕면 사계리,3693,
제주특별자치도 서귀포시 안덕면 사계리 3693번지일원,제주특별자치도 서귀포시 안덕면 사계리,3693,
충청남도 당진시 순성면 중방리 70-2 (경남빌라 4층 403호 주거용건물),충청남도 당진시 순성면 중방리,70,2
경상북도 상주시 중동면 덕암로 628,경상북도 상주시 중동면 덕암로,628,
울산광역시 울주군 두동면 구미리 320,울산광역시 울주군 두동면 구미리,320,
전라북도 익산시 인화동 1가 185-7,전라북도 익산시 인화동,1,
전라북도 전주시 완산구 삼천동1가 704-2,전라북도 전주시 완산구,1,
경상남도 거창군 고제면 개명리 산2,경상남도 거창군 고제면 개명리,2,
울산광역시 중구 교동 174-2,울산광역시 중구 교동,174,2
경상북도 영덕군 병곡면 삼읍리 175,경상북도 영덕군 병곡면 삼읍리,175,
울산광역시 울주군 언양읍 반천리 530,울산광역시 울주군 언양읍 반천리,530,
울산광역시 중구 성남동 55-4,울산광역시 중구 성남동,55,4
전라북도 전주시 완산구 경원동3가 33-7,전라북도 전주시 완산구,3,
울산광역시 동구 방어동 1457 (울산대교 공사현장),울산광역시 동구 방어동,1457,
충청남도 당진군 송악면 복운리 1-294,충청남도 당진군 송악면 복운리,1,294
전라북도 익산시 팔봉동 862-2,전라북도 익산시 팔봉동,862,2
전라북도 익산시 마동 55-25,전라북도 익산시 마동,55,25
강원도 원주시 태장동 1792,강원도 원주시 태장동,1792,
충청북도 청주시 청원구 우암동 371-10,충청북도 청주시 청원구 우암동,371,10
울산광역시 울주군 온산읍 화산리 1256-9,울산광역시 울주군 온산읍 화산리,1256,9
울산광역시 울주군 온산읍 덕신리 산84-1,울산광역시 울주군 온산읍 덕신리,84,1
경상남도 창원시 성산구 귀곡동 산104-14,경상남도 창원시 성산구 귀곡동,104,14
전라북도 남원시 주천면 송치리 969-1,전라북도 남원시 주천면 송치리,969,1
서울특별시 마포구 상암동 1607,서울특별시 마포구 상암동,1607,
강원도 원주시 단계동 878-1 한라비발디2차,강원도 원주시 단계동,878,1
울산광역시 중구 태화동 748-1 SK사택,울산광역시 중구 태화동,748,1
울산광역시 중구 약사동 861 미소마을아파트,울산광역시 중구 약사동,861,
충청북도 청주시 청원구 율량동 1603,충청북도 청주시 청원구 율량동,1603,
경상북도 포항시 북구 두호동 1015-4,경상북도 포항시 북구 두호동,1015,4
경상북도 포항시 북구 흥해읍 학천리 산29-2,경상북도 포항시 북구 흥해읍 학천리,29,2
울산광역시 북구 화봉동 456-11,울산광역시 북구 화봉동,456,11
경상북도 포항시 남구 장흥동 산46,경상북도 포항시 남구 장흥동,46,
강원도 강릉시 옥계면 남양리 산187,강원도 강릉시 옥계면 남양리,187,
경상북도 포항시 북구 송라면 화진리 산34,경상북도 포항시 북구 송라면 화진리,34,
경상북도 포항시 남구 장기면 모포리 84,경상북도 포항시 남구 장기면 모포리,84,
경상북도 포항시 남구 이동 산12-1,경상북도 포항시 남구 이동,12,1
경상북도 포항시 남구 연일읍 중명리 산16,경상북도 포항시 남구 연일읍 중명리,16,
경상북도 포항시 남구 대송면 홍계리 산29,경상북도 포항시 남구 대송면 홍계리,29,
경상북도 포항시 북구 용흥동 600-1,경상북도 포항시 북구 용흥동,600,1
강원도 원주시 신림면 금창리 755-2,강원도 원주시 신림면 금창리,755,2
전라북도 김제시 흥사동 367-1,전라북도 김제시 흥사동,367,1
충청북도 옥천군 청산면 판수리 466-1,충청북도 옥천군 청산면 판수리,466,1
충청북도 진천군 광혜원면 죽현리 464,충청북도 진천군 광혜원면 죽현리,464,
충청북도 영동군 용산면 청화리 116-2,충청북도 영동군 용산면 청화리,116,2
충청북도 영동군 용산면 산저리 300,충청북도 영동군 용산면 산저리,300,
울산광역시 울주군 언양읍 직동리 351,울산광역시 울주군 언양읍 직동리,351,
광주광역시 광산구 운수동 369,광주광역시 광산구 운수동,369,
광주광역시 서구 덕흥동 806-1 선,광주광역시 서구 덕흥동,806,1
광주광역시 광산구 소촌동 산29-1,광주광역시 광산구 소촌동,29,1
경상남도 통영시 정량동 427,경상남도 통영시 정량동,427,
경상남도 통영시 정량동 630,경상남도 통영시 정량동,630,
경상남도 창원시 의창구 북면 지개리 산96,경상남도 창원시 의창구 북면 지개리,96,
충청북도 청주시 청원구 내수읍 도원리 208-2,충청북도 청주시 청원구 내수읍 도원리,208,2
강원도 원주시 무실동 1555-55,강원도 원주시 무실동,1555,55
강원도 원주시 판부면 신촌리 1195-84,강원도 원주시 판부면 신촌리,1195,84
강원도 원주시 가현동 290-1,강원도 원주시 가현동,290,1
강원도 원주시 부론면 단강리 1193-1,강원도 원주시 부론면 단강리,1193,1
강원도 원주시 부론면 정산리 2049-1,강원도 원주시 부론면 정산리,2049,1
울산광역시 동구 방어동 산 54-1,울산광역시 동구 방어동 산,54,1
경기도 평택시 팽성읍 신대리 21-40(평택호 횡단도로 교량 공사현장),경기도 평택시 팽성읍 신대리,21,40
부산광역시 서구 서대신동1가 222-26번지,부산광역시 서구,1,
부산광역시 중구 동광동 5가 15-57,부산광역시 중구 동광동,5,
경기도 용인시 처인구 양지면 제일리 산 48-1 외 5필지,경기도 용인시 처인구 양지면 제일리 산,48,1
인천광역시 부평구 갈산동 124-62,인천광역시 부평구 갈산동,124,62
인천광역시 부평구 부평동 760-758,인천광역시 부평구 부평동,760,758
서울특별시 중구 신당동 432-1938,서울특별시 중구 신당동,432,1938
부산광역시 동래구 칠산동 2-20,부산광역시 동래구 칠산동,2,20
서울특별시 은평구 불광동 244-94,서울특별시 은평구 불광동,244,94
서울특별시 은평구 신사동 1-151,서울특별시 은평구 신사동,1,151
서울특별시 용산구 한강로2가 224-2,서울특별시 용산구,2,
서울특별시 은평구 신사동 38-40,서울특별시 은평구 신사동,38,40
경상북도 영양군 입암면 신사리 산 8-1,경상북도 영양군 입암면 신사리 산,8,1
서울특별시 은평구 갈현동 285-111,서울특별시 은평구 갈현동,285,111
전라남도 곡성군 죽곡면 연화리 58-16,전라남도 곡성군 죽곡면 연화리,58,16
전라북도 전주시 완산구 동완산동 453,전라북도 전주시 완산구 동완산동,453,
전라남도 여수시 남산동 109,전라남도 여수시 남산동,109,
전라남도 여수시 웅천동 1444-1,전라남도 여수시 웅천동,1444,1
전라남도 여수시 웅천동 541-1,전라남도 여수시 웅천동,541,1
전라남도 여수시 소라면 죽림리 1104,전라남도 여수시 소라면 죽림리,1104,
경기도 평택시 서탄면 마두리 393-3,경기도 평택시 서탄면 마두리,393,3
전라남도 장흥군 유치면 운월리 산227-8,전라남도 장흥군 유치면 운월리,227,8
충청북도 진천군 광혜원면 금곡리 89,충청북도 진천군 광혜원면 금곡리,89,
충청북도 진천군 광혜원면 죽현리 464,충청북도 진천군 광혜원면 죽현리,464,
울산광역시 중구 동동 399,울산광역시 중구 동동,399,
울산광역시 중구 태화동 20-3 태화동행정복지센터,울산광역시 중구 태화동,20,3
,,,
서울특별시 종로구 필운동 32-1,서울특별시 종로구 필운동,32,1
서울특별시 종로구 필운동 283-2,서울특별시 종로구 필운동,283,2
서울특별시 구로구 오류동 산43-40번지,서울특별시 구로구 오류동,43,40
서울특별시 구로구 오류동 1-51번지,서울특별시 구로구 오류동,1,51
경상남도 밀양시 무안면 모로리 산2-1,경상남도 밀양시 무안면 모로리,2,1
경상남도 밀양시 초동면 오방리 산35,경상남도 밀양시 초동면 오방리,35,
경상남도 밀양시 부북면 용지리 산2-1,경상남도 밀양시 부북면 용지리,2,1
충청북도 청주시 서원구 현도면 하석리 산74번지,충청북도 청주시 서원구 현도면 하석리,74,
강원도 양구군 양구읍 군량리 산77-1,강원도 양구군 양구읍 군량리,77,1
서울특별시 구로구 궁동 산14-10번지,서울특별시 구로구 궁동,14,10
전라남도 나주시 오량동 3-20,전라남도 나주시 오량동,3,20
서울특별시 종로구 사직동 315-3,서울특별시 종로구 사직동,315,3
부산광역시 동구 좌천동 780-1,부산광역시 동구 좌천동,780,1
부산광역시 부산진구 전포동 산48-3번지,부산광역시 부산진구 전포동,48,3
광주광역시 남구 봉선동 610-17,광주광역시 남구 봉선동,610,17
울산광역시 울주군 상북면 이천리 218,울산광역시 울주군 상북면 이천리,218,
울산광역시 울주군 상북면 등억알프스리 100-1,울산광역시 울주군 상북면 등억알프스리,100,1
경상남도 창원시 의창구 북면 화천리 687-10,경상남도 창원시 의창구 북면 화천리,687,10
울산광역시 울주군 상북면 등억알프스리 552,울산광역시 울주군 상북면 등억알프스리,552,
울산광역시 울주군 상북면 이천리 319,울산광역시 울주군 상북면 이천리,319,
울산광역시 울주군 상북면 이천리 616,울산광역시 울주군 상북면 이천리,616,
울산광역시 울주군 상북면 덕현리 413-1,울산광역시 울주군 상북면 덕현리,413,1
경상남도 창원시 성산구 외동 853-7,경상남도 창원시 성산구 외동,853,7
울산광역시 동구 주전동 15-7 태영건설,울산광역시 동구 주전동,15,7
,,,
울산광역시 울주군 언양읍 반연리 218-2,울산광역시 울주군 언양읍 반연리,218,2
경기도 김포시 사우동 925,경기도 김포시 사우동,925,
충청남도 청양군 정산면 천장리 164-1,충청남도 청양군 정산면 천장리,164,1
강원도 평창군 평창읍 노론리 산40-1 (금산산업),강원도 평창군 평창읍 노론리,40,1
전라북도 익산시 낭산면 석천리 산50,전라북도 익산시 낭산면 석천리,50,
충청남도 청양군 정산면 천장리 174,충청남도 청양군 정산면 천장리,174,
경기도 성남시 분당구 삼평동 653,경기도 성남시 분당구 삼평동,653,
대구광역시 달성군 논공읍 북리 1-35,대구광역시 달성군 논공읍 북리,1,35
전라북도 익산시 창인동 1가 152-24,전라북도 익산시 창인동,1,
울산광역시 울주군 온산읍 당월리 248-1,울산광역시 울주군 온산읍 당월리,248,1
강원도 원주시 판부면 서곡리 537,강원도 원주시 판부면 서곡리,537,
충청북도 진천군 이월면 사곡리 416-1,충청북도 진천군 이월면 사곡리,416,1
충청북도 진천군 이월면 신계리 산87-1,충청북도 진천군 이월면 신계리,87,1
충청북도 진천군 이월면 신계리 산57-14,충청북도 진천군 이월면 신계리,57,14
충청북도 진천군 이월면 사당리 산1-2,충청북도 진천군 이월면 사당리,1,2
충청북도 진천군 이월면 송림리 산29-1,충청북도 진천군 이월면 송림리,29,1
충청북도 진천군 이월면 신월리 317-23,충청북도 진천군 이월면 신월리,317,23
충청북도 진천군 이월면 은행정1길 28-2,충청북도 진천군 이월면,1,
충청남도 당진시 합덕읍 석우리 1197,충청남도 당진시 합덕읍 석우리,1197,
충청남도 당진시 합덕읍 석우리 1165,충청남도 당진시 합덕읍 석우리,1165,
충청남도 당진시 합덕읍 석우리 1190,충청남도 당진시 합덕읍 석우리,1190,
충청남도 당진시 송악읍 한진리 404,충청남도 당진시 송악읍 한진리,404,
충청남도 당진시 송산면 동곡리 497,충청남도 당진시 송산면 동곡리,497,
충청북도 진천군 이월면 장양리 710,충청북도 진천군 이월면 장양리,710,
경기도 양평군 양동면 쑥골길 35,경기도 양평군 양동면 쑥골길,35,
경기도 양평군 용문면 갈월길 111-77,경기도 양평군 용문면 갈월길,111,77
경기도 양평군 단월면 고북길 76-23,경기도 양평군 단월면 고북길,76,23
광주광역시 남구 노대동 산1,광주광역시 남구 노대동,1,
광주광역시 남구 노대동 산1,광주광역시 남구 노대동,1,
광주광역시 남구 노대동 산1,광주광역시 남구 노대동,1,
광주광역시 남구 노대동 산1,광주광역시 남구 노대동,1,
광주광역시 남구 노대동 산1,광주광역시 남구 노대동,1,
광주광역시 남구 노대동 산1,광주광역시 남구 노대동,1,
전라남도 나주시 다시면 산두길 24,전라남도 나주시 다시면 산두길,24,
전라남도 나주시 다시면 산두길 12,전라남도 나주시 다시면 산두길,12,
경기도 양평군 양서면 목왕리 90-5,경기도 양평군 양서면 목왕리,90,5
경기도 양평군 강상면 세월리 산5,경기도 양평군 강상면 세월리,5,
경기도 연천군 연천읍 동막리 617-0,경기도 연천군 연천읍 동막리,617,0
경기도 연천군 신서면 도밀리 16,경기도 연천군 신서면 도밀리,16,
경기도 연천군 신서면 도밀리 121,경기도 연천군 신서면 도밀리,121,
경기도 연천군 신서면 덕산리 1,경기도 연천군 신서면 덕산리,1,
울산광역시 중구 태화동 20-3,울산광역시 중구 태화동,20,3
울산광역시 중구 동동 399,울산광역시 중구 동동,399,
울산광역시 중구 성안동 산60,울산광역시 중구 성안동,60,
울산광역시 중구 동동 399,울산광역시 중구 동동,399,
울산광역시 중구 태화동 20-12,울산광역시 중구 태화동,20,12
경상남도 양산시 평산동 산 44-3,경상남도 양산시 평산동 산,44,3
울산광역시 울주군 두동면 만화리 1024 일원,울산광역시 울주군 두동면 만화리,1024,
경상북도 봉화군 봉화읍 유곡리 1109-4번지 일원,경상북도 봉화군 봉화읍 유곡리,1109,4
경상북도 영천시 괴연동 204 (괴연지),경상북도 영천시 괴연동,204,
서울특별시 송파구 송파동 135-6 (오금로 162),서울특별시 송파구 송파동,135,6
제주특별자치도 제주시 건입동 818-2번지 일원,제주특별자치도 제주시 건입동,818,2
경기도 가평군 가평읍 대곡리 318,경기도 가평군 가평읍 대곡리,318,
울산광역시 울주군 온산읍 삼평리 1186,울산광역시 울주군 온산읍 삼평리,1186,
울산광역시 울주군 온산읍 덕신리 22-2,울산광역시 울주군 온산읍 덕신리,22,2
부산광역시 북구 구포1동 산 48-6,부산광역시 북구,1,
경상남도 창원시 마산회원구 내서읍 감천리 산107 (외 6개소),경상남도 창원시 마산회원구 내서읍 감천리,107,
부산광역시 북구 만덕1동 산 251-1,부산광역시 북구,1,
"울산광역시 울주군 온산읍 덕신리 971-2, 1236",울산광역시 울주군 온산읍 덕신리,971,2
부산광역시 북구 구포동 산 18-1,부산광역시 북구 구포동 산,18,1
부산광역시 북구 화명3동 1718-7(화명생태공원),부산광역시 북구,3,
울산광역시 울주군 서생면 대송리 산15,울산광역시 울주군 서생면 대송리,15,
울산광역시 울주군 서생면 서생리 산17-1,울산광역시 울주군 서생면 서생리,17,1
부산광역시 북구 화명2동 산 11-5,부산광역시 북구,2,
부산광역시 북구 구포3동 산 23-1,부산광역시 북구,3,
부산광역시 북구 금곡동 산 79-2((304동 뒤편),부산광역시 북구 금곡동 산,79,2
울산광역시 울주군 온산읍 덕신리 872-6,울산광역시 울주군 온산읍 덕신리,872,6
부산광역시 북구 구포동 산 48-56,부산광역시 북구 구포동 산,48,56
경상남도 창원시 마산회원구 내서읍 감천리 산257,경상남도 창원시 마산회원구 내서읍 감천리,257,
부산광역시 북구 구포동 산 24,부산광역시 북구 구포동 산,24,
울산광역시 울주군 서생면 서생리 산19,울산광역시 울주군 서생면 서생리,19,
경상남도 창원시 마산회원구 내서읍 삼계리 산2-1 (외 3개소),경상남도 창원시 마산회원구 내서읍 삼계리,2,1
경상남도 창원시 마산합포구 자산동 산62-5 (외 2개소),경상남도 창원시 마산합포구 자산동,62,5
울산광역시 울주군 서생면 나사리 산32-24,울산광역시 울주군 서생면 나사리,32,24
부산광역시 연제구 거제2동 산107-1,부산광역시 연제구,2,
울산광역시 울주군 온산읍 덕신리 144,울산광역시 울주군 온산읍 덕신리,144,
울산광역시 울주군 서생면 위양리 산22-2,울산광역시 울주군 서생면 위양리,22,2
울산광역시 울주군 서생면 위양리 294-1,울산광역시 울주군 서생면 위양리,294,1
울산광역시 울주군 서생면 서생리 산21-1,울산광역시 울주군 서생면 서생리,21,1
경상남도 창원시 의창구 북면 내곡리 산231,경상남도 창원시 의창구 북면 내곡리,231,
울산광역시 울주군 서생면 나사리 산8-9,울산광역시 울주군 서생면 나사리,8,9
울산광역시 울주군 온산읍 덕신리 1010,울산광역시 울주군 온산읍 덕신리,1010,
부산광역시 북구 만덕3동 산 158,부산광역시 북구,3,
경상남도 창원시 의창구 용동 산40 (외 ),경상남도 창원시 의창구 용동,40,
부산광역시 북구 구포동 1250-18,부산광역시 북구 구포동,1250,18
"울산광역시 울주군 온산읍 삼평리 73, 586-1",울산광역시 울주군 온산읍 삼평리,73,
부산광역시 북구 만덕1동 783-1,부산광역시 북구,1,
부산광역시 북구 만덕1동 산 235-1,부산광역시 북구,1,
경상남도 창원시 마산합포구 구산면 마전리 산16-1 (외 2개소),경상남도 창원시 마산합포구 구산면 마전리,16,1
울산광역시 울주군 서생면 대송리 산53,울산광역시 울주군 서생면 대송리,53,
울산광역시 울주군 서생면 위양리 산31-1,울산광역시 울주군 서생면 위양리,31,1
울산광역시 울주군 온산읍 강양리 691-1,울산광역시 울주군 온산읍 강양리,691,1
울산광역시 울주군 서생면 명산리 산71-3,울산광역시 울주군 서생면 명산리,71,3
,,,
인천광역시 중구 신포로 45,인천광역시 중구 신포로,45,
경상북도 경산시 남산면 상대리 산48-1,경상북도 경산시 남산면 상대리,48,1
경상북도 경산시 남천면 송백리 413-1,경상북도 경산시 남천면 송백리,413,1
경상북도 기성면 다천리 산176,경상북도 기성면 다천리,176,
경기도 양평군 양평읍 쉬자파크길 282,경기도 양평군 양평읍 쉬자파크길,282,
경기도 양평군 양평읍 쉬자파크길 198,경기도 양평군 양평읍 쉬자파크길,198,
경기도 양평군 청운면 갈운큰골길 103,경기도 양평군 청운면 갈운큰골길,103,
경기도 양평군 서종면 두터골길 53-4,경기도 양평군 서종면 두터골길,53,4
충청북도 진천군 이월면 신계리 868,충청북도 진천군 이월면 신계리,868,
경기도 용인시 수지구 고기동 755-45,경기도 용인시 수지구 고기동,755,45
경기도 용인시 처인구 역북동 382-1,경기도 용인시 처인구 역북동,382,1
경기도 용인시 처인구 역북동 551-24,경기도 용인시 처인구 역북동,551,24
경기도 용인신 처인구 남사면 창리 284,경기도 용인신 처인구 남사면 창리,284,
경기도 용인시 처인구 삼가동 445-9,경기도 용인시 처인구 삼가동,445,9
경기도 용인시 처인구 삼가동 133-1,경기도 용인시 처인구 삼가동,133,1
경기도 용인시 처인구 남동 129-1,경기도 용인시 처인구 남동,129,1
경기도 용인시 처인구 호동 432-1,경기도 용인시 처인구 호동,432,1
경기도 용인시 처인구 포곡읍 마성리 61-1,경기도 용인시 처인구 포곡읍 마성리,61,1
경기도 용인시 처인구 모현읍 오산리 412-6,경기도 용인시 처인구 모현읍 오산리,412,6
경기도 용인시 처인구 이동읍 천리 1040,경기도 용인시 처인구 이동읍 천리,1040,
경기도 용인시 처인구 이동읍 송전리 1030,경기도 용인시 처인구 이동읍 송전리,1030,
경기도 용인시 처인구 이동읍 서리 1077-48,경기도 용인시 처인구 이동읍 서리,1077,48
경기도 용인시 처인구 이동읍 묵리 671-4,경기도 용인시 처인구 이동읍 묵리,671,4
경기도 용인시 처인구 이동읍 덕성리 849,경기도 용인시 처인구 이동읍 덕성리,849,
경기도 용인시 처인구 남사면 통삼리 26,경기도 용인시 처인구 남사면 통삼리,26,
경기도 용인시 처인구 남사면 봉명리 46-7,경기도 용인시 처인구 남사면 봉명리,46,7
경기도 용인시 처인구 원삼면 목신리 380,경기도 용인시 처인구 원삼면 목신리,380,
경기도 용인시 처인구 원삼면 독성리 462,경기도 용인시 처인구 원삼면 독성리,462,
경기도 용인시 처인구 원삼면 목신리 910-17,경기도 용인시 처인구 원삼면 목신리,910,17
경기도 용인시 처인구 원삼면 문촌리 201-1,경기도 용인시 처인구 원삼면 문촌리,201,1
경기도 용인시 처인구 원삼면 미평리 448-1,경기도 용인시 처인구 원삼면 미평리,448,1
경기도 용인시 처인구 원삼면 가재월리 295,경기도 용인시 처인구 원삼면 가재월리,295,
경기도 용인시 처인구 원삼면 고당리 57-3,경기도 용인시 처인구 원삼면 고당리,57,3
경기도 용인시 처인구 원삼면 죽능리 954-27,경기도 용인시 처인구 원삼면 죽능리,954,27
경기도 용인시 처인구 원삼면 사암리 1185-1,경기도 용인시 처인구 원삼면 사암리,1185,1
경기도 용인시 처인구 백암면 고안리 973-16,경기도 용인시 처인구 백암면 고안리,973,16
경기도 용인시 처인구 백암면 옥산리 1639-1,경기도 용인시 처인구 백암면 옥산리,1639,1
경기도 용인시 처인구 백암면 근창리 1025,경기도 용인시 처인구 백암면 근창리,1025,
경기도 용인시 처인구 백암면 백봉리 1330-4,경기도 용인시 처인구 백암면 백봉리,1330,4
경기도 용인시 처인구 백암면 근곡리 564-1,경기도 용인시 처인구 백암면 근곡리,564,1
경기도 용인시 처인구 백암면 근삼리 1081,경기도 용인시 처인구 백암면 근삼리,1081,
경기도 용인시 처인구 백암면 옥산리 130,경기도 용인시 처인구 백암면 옥산리,130,
경기도 용인시 처인구 백암면 옥산리 1860,경기도 용인시 처인구 백암면 옥산리,1860,
경기도 용인시 처인구 백암면 백암리 255-2,경기도 용인시 처인구 백암면 백암리,255,2
경기도 용인시 처인구 백암면 근삼리 183,경기도 용인시 처인구 백암면 근삼리,183,
경기도 용인시 처인구 양지면 양지리 788-5,경기도 용인시 처인구 양지면 양지리,788,5
경기도 용인시 처인구 양지면 남곡리 312,경기도 용인시 처인구 양지면 남곡리,312,
경기도 용인시 처인구 양지면 평창리 322,경기도 용인시 처인구 양지면 평창리,322,
경기도 용인시 기흥구 공세동 28-2,경기도 용인시 기흥구 공세동,28,2
경기도 용인시 기흥구 상하동 148-2,경기도 용인시 기흥구 상하동,148,2
경기도 용인시 기흥구 보정동 249-1,경기도 용인시 기흥구 보정동,249,1
경기도 평택시 청북읍 서해로 1570-1,경기도 평택시 청북읍 서해로,1570,1
경기도 용인시 처인구 원삼면 좌항리 182-1,경기도 용인시 처인구 원삼면 좌항리,182,1
경상남도 고성군 개천면 좌연리 산276,경상남도 고성군 개천면 좌연리,276,
경상남도 고성군 개천면 좌연리 산289-7,경상남도 고성군 개천면 좌연리,289,7
경상남도 고성군 개천면 좌연리 산284-9,경상남도 고성군 개천면 좌연리,284,9
경상남도 고성군 회화면 녹명리 산98,경상남도 고성군 회화면 녹명리,98,
경상남도 고성군 마암면 성전리 산78,경상남도 고성군 마암면 성전리,78,
전라남도 여수시 소라면 죽림리 1122-2,전라남도 여수시 소라면 죽림리,1122,2
경상남도 고성군 마암면 화산리 산47,경상남도 고성군 마암면 화산리,47,
경상북도 의성군 사곡면 오상리,경상북도 의성군 사곡면 오상리,,
