,customer_id,star,enroll_date,content
0,H프랭크,1,2025년 5월 30일,"장바구니를 확인하려고 하는데 로딩만 하다가 '화면을 불러오지 못했어요' 라는 메세지만 자꾸 뜨네요. 이것 때문에 주문을 못하고 있습니다. 데이터와 캐시를 삭제해봐도, 핸드폰을 다시 시작해봐도, 앱을 지웠다가 다시 깔아봐도 똑같네요. 앱이나 운영 쪽 문제라면 빠르게 픽스 좀 해주세요."
1,삐삠,1,2025년 3월 9일,"음식배달 탭 대신 가게배달 탭을 쓰던 이유가 리뷰 볼 수 있고(가게의 위생, 맛, 양 등) 리뷰이벤트도 어느정도 참여할 수 있어서였는데 업데이트하고나선 두개의 차이점을 모를 정도로 불편해졌어요 리뷰탭도 겨우 찾았고 가게 공지라도 봐야 휴무, 재료수급을 알 수 있는데 그것도 보기 너무 불편해요 번거롭고 솔직히 처음엔 아예 없애버린 줄 알았습니다.. 옛날 구성이 더 좋았어요"
2,Hye ju Lee,1,2024년 12월 8일,찜목록 편집기능좀 넣어주세요 코로나기간에 찝한 200개 하나하나 들어가서 해제해야해서 30분째 지우는데 80개 겨우 지웠네요. 그중 3분의 1은 폐업하거나 배민에서 나간 업체인거 같은데 이런건 자동으로 지워줬으면하네요. 그리고 보통 집 직장등 장소가 여러개인경우가 있는데 찜 목록에서는 필터링 기능하나없이 그냥 통째로 있어서 뒤죽박죽 보기 힘들어요. 제2의 올영앱같은 느낌...너무 불편해요.
3,핑크,1,2025년 7월 19일,나쁘진 않은데 찜 내역에서 가게나 장보기내역 삭제하려면 하나하나 클릭해 들어가서 찜 삭제해야해서 개불편함... 나같이 많이 찜해놓는 사람은 너무 귀찮아서 사용하기 싫어짐 ㅠㅠㅠㅠ 개성좀요ㅠ 언젠가 바뀌겠지 했는데 몇 년이 지나도 똑같아서 씀...
4,남규범,1,2025년 7월 13일,원래 이런거 잘 안쓰는데 짜증나서 쓰고 깁니다. 주소가 잘못 기입되서 주문취소 하는데 왜 제가 20분이 넘는 시간을 소모해야하는거죠? 주문 취소가 안된다면 터치 항목에 왜 주문 취소가 있는지도 모르겠습니다. 꼭 상담사를 통해서만 주문 취소를 해야하는 시스템도 이상합니다.
5,김아무개,1,2025년 7월 2일,위아래로 드래그할때 자꾸 원치도않는 좌우로 메뉴이동이되는데 위아래 드래그시 민감도좀 둔감하게 처리좀하세요. 매번 신경쓰여서 편하게 위아래로 오르내릴수가 없잖아요. 기본중에 기본을 좀 신경쓰세요. 개발자. 그리고 가게들 블랙리스트 기능넣어서 표시기능좀 넣어주세요. 꽝친 가게좀 까먹고 또안시켜먹게. 이정도 규모로 컸으면 사용자 편의기능도 같이 업데이트를 좀 해서 발전할생각을 해야지 어떻게든 광고만 냅다 더보여줘서 돈벌어먹을 업데이트 궁리만 하지말고 사용자 편의성도 좀 개선해야 되지않겠나요. 그리고 찜 해제하고 뒤로가면 다시 최상단으로 이동되는것도 그렇고 찜기능도 너무 올드하고 주문내역 검색은 정확도도 떨어지고 사용자 입장에서 개선을 좀 해보세요. 솔직히 지금까지 UI 껍데기 때깔만 바꿨지 사용자 편의성을 한번이라도 생각해서 업데이트 한적이있나요. 업데이트 할때마다 불편한거에 어쩔수없이 사용자들이 적응한거죠
6,루라랑,1,2025년 6월 9일,"1:1문의 남기고 싶은데 고객센터에 그 기능이 없네요. 채팅에서는 별도 문의가 되지도 않고 자동응답기 or 다른 페이지로 넘기기만 하구요. 채팅이나 글로 남길 수 있는 1:1 문의 페이지도 제작 부탁드립니다. 문의 남기고 싶었던 내용은, 앱을 통한 배민 안심콜을 오늘 처음 받아봤는데, 휴대폰 벨소리 설정 기능과 관계 없이 냅다 소리로 안심콜 왔다고 때려버리네요; 매너모드나 무음모드일 때는 거기에 맞게 진동이나 화면에만 떠야 하는거 같은데 너무 당황스러웠어요. 해당 기능 빠르게 개선 요청드립니다."
7,최효진,1,2025년 5월 30일,"다 좋은데 업데이트 한 이후로 버그 일어남. 와이파이 제데로 연결 되어있고 다른 앱들은 잘되는데 배민 장바구니 들어가면 갑자기 네트워크 오류라면서 장바구니 정보 가져오는거 실패라고 뜸. 껐다 키고, 와이파이 다시 접속하고, 데이터 써보고,저장공간 확인, 재설치, 캐시 삭제 까지 다 해봤는데 그래도 안됨. 이정도면 걍 배민앱 자체 문제임"
8,안희태,1,2025년 6월 9일,"최근 들어서 광고 알림이 너무 많이 오네요. 앱 환경설정에 알림 설정을 꺼놔도 광고 알림이 계속 와서 불편합니다. 안드로이드 앱 설정에 들어가서 알림 카테고리에서 마케팅 부분을 따로 꺼야 되는 것 같은데, 저는 앱 설정에서 마케팅 동의를 하지도 않았는데 이렇게 설정을 만든게 맞나 싶네요. 굳이 분리를 할 필요가 있었는지... 아무튼 최악이었습니다."
9,Raffaele Orseolo,1,2025년 6월 3일,"특정 화면 들어가면 하얀 먹통이 되는 이유가 뭘까요? 제 폰은 그대로인데, 앱이 업데이트되면, 때로는 쿠폰 받는 화면이 먹통이 되었다가 업데이트되면 정상이 되고, 때로는 상품 정보, 장바구니가 그러며, 지금은 주문 정보 작성 화면이 먹통이어서 주문을 못 하고 있네요. 상담원께서는 모르겠다고 하시고, 연결해 주신 채팅 상담으로는 아예 이 문제를 물을 수 없게 되어 있습니다. 업데이트 때마다 다른 곳이 먹통이 되고, 먹통이던 곳은 저절로 고쳐지는 이런 경험은 처음입니다. 추가 : 지웠다 재설치 하라는 소리만 답변으로 달아 놓으시네요. 여러 번 했고, 캐시 삭제, 최신판 업데이트 다 했습니다. 이 앱이 업데이트될 때마다 반복적으로 생기는 문제라고 적었습니다. 구글 플레이 스토어 리뷰나 구글 검색 보면 다른 분들도 호소하는 문제입니다. 벽 같은 불통 그만 하시고, 사람들 말을 좀 듣고 회사가 진지하게 논의를 해 보세요."
10,태태,1,2025년 6월 24일,배달 옵션 만들어서 사용자가 기본으로 어떤 배달로 시킬지 지정좀 하게 해줘요. 그놈의 어쩌고 설정 때문에 알뜰로 되잖아요. 바꾸려고 하면 바꾸지도 못하고. 사용자가 지정할 수 있는 설정이 너무 없어요. 뭔 설정을 알림 밖에 못하냐고요...
11,오잉,1,2025년 7월 17일,"찜목록 전체/선택 삭제 기능 좀 만들어주세용.. 맨 밑에 있는 가게들 찜 해제하면 찜목록이 또 맨 위로 올라가서 계속 쭉 내리면서 하나씩 해제 해야하는데 너무 번거로워요ㅠㅠ 그리고, 가게 이름, 대표 이미지만 바꿔놓고 4~6개까지 배달앱에 뜨게 하는 가게들이 많은데 예를들어 A라는 가게에서 뭔 메뉴를 시켰는데 맛 없거나 서비스 문제로 다시 B 가게에서 다시 시키면, A가게에서 오는 경우가 많아서 맨날 상호명이나 위치 확인하고 시켜야해서 불편해요. 자영업자분들 검색 노출 같은 게 되어야 이득인 거 이해하니까.. 차라리 가게 숨김처리 기능이나 가게마다 개인만 볼 수 있는 메모기능 같은거라도 만들어주세용..."
12,최희진,1,2025년 6월 4일,"새로 업데이트된 요새 Ui가 너무 불편해요 음식을 찾다가 짜증나서 앱을 꺼버리게돼요. 업데이트를 할 때마다 사용성이 점점 더 퇴화하고 있네요. 정보가 너무 많아 한눈에 들어오지도 않고, 쓸데없이 사진만 많아서 눈이 피곤해져 입맛이 떨어집니다. 리뷰 보는것도 왜 바꿨는지 모를만큼 불편합니다. 계속 이런 방향으로 업데이트한다면 다른 배달앱으로 갈아타야겠네요..."
13,밍슈,1,2025년 5월 16일,최악입니다. 어플 오류인지 업데이트 때문인지 모르겠지만 가게의 주문을 하려고해도 장바구니에 담아지지도 않고 세네번 시도를 해서 장바구니에 담는다쳐도 장바구니가 텅 비었다며 확인도 안됩니다. 배민 어플을 쓰다가 처음 이런 경우를 경험하네요. 최악이고 최악입니다. 별 1개도 아까워요
14,김재은,1,2025년 3월 14일,어째서 UI 디자인 상태가 심각해지네요..?ㅋㅋㅋ 업데이트 될때마다 바뀌는 UI를 보면 너무 웃김ㅎ UI 계속 만지작하실꺼면 사용자가 직접 UI크기 조절 설정가능하게 만들어나 주세요^^ㅎㅎ 업데이트 할때마다 점점 커져서 보기가 힘듭니다. 어르신들이 보긴 편하겠지만 저는 너무 커서 눈이 아프네요.
15,Little_Raptor,1,2025년 3월 19일,"최근 바뀐 UI가 너무 불편합니다. 리뷰나 가게 설명 등을 직관적으로 쉽게 볼 수 있던 이전 UI와 달리, 새로운 UI는 너무도 불편하게 바뀌었어요. 배달 방법 선택을 결제 전에 선택할 수 있는 점은 좋은 것 같습니다. 그런데, 그것 말고는 정말 모든 게 불편합니다... 적응이 안되어서 일어나는 문제라기보다 UI가 직관적이지 못한 것 자체가 큰 문제입니다. 이전 버전에서는 배민 배달 UI보다 가게 배달 UI가 더 보기 편했기에, 그쪽으로 다시 변화가 있었으면 합니다"
16,Jun S,1,2025년 4월 14일,"와...정말 음식주문한번하기 어렵게 바뀌었네요. 배달카테고리들어가면 음식사진들이 큼지막하게 여러개 나와서 어느매장에서 시켜야할지 선택하기 어렵게 바꿔놓으셨어요... 예전버전으로도 볼수있는 선택지를 만들어주시죠...아니면 그냥 먹깨비 다운받아 쓸렵니다~. 중점을 잊지 마세요, 배달은 편하려고 주문하는겁니다. 근데 사용자가 카테고리에서 매장을 선택하는것부터 불편해졌습니다."
17,죽빵쏘냐,1,2025년 3월 5일,접속이 안되서 skt 우주패스로 배민 추가혜택 받은 쿠폰 못 쓸거같은데 어떻게 하나요..? 증상이 일주일 넘었습니다...데이터 추가/삭제 해도 안되고... 앱 재설치 해도 안되고.. 폰 재부팅 해도 안되고.. 앱접속하면 4~5초 뒤에 팅기면서 재접속 됩니다.. 무한반복으로요.. 앱처음 설치했을때 위치설정에서 계속 재접속되서 진행을 못하네요..
18,규,1,2025년 4월 12일,"배민클럽 첫 가입자 정책에 대한 아쉬움 배민을 다시 이용해보려는 마음으로 배민클럽에 첫 가입하였습니다. 가입 시 제공된 포인트는 반가웠지만, 한 달만 사용하고자 해지 예약을 하려 했더니 '해지' 버튼만 있어 눌렀더니 즉시 해지되며 포인트가 회수되었습니다. 다시 가입해도 포인트는 재지급되지 않았고, 문의 결과 한 번 이상 사용해야 해지 예약이 가능하다는 답변을 받았습니다. 이러한 정책은 사용자에게 혼란을 줄 수 있으며, 명확한 안내가 필요하다고 생각합니다. 해지 절차와 포인트 회수 정책에 대한 개선을 요청드립니다."
19,성이 없을 수도 있지왜 자꾸 따로 쓰래,1,2025년 4월 15일,도대체 시스템상 글씨 안 쳐지는 게 캐시데이터랑 무슨 상관인지 모르겠지만 시키니까 캐시도 데이터도 지워봤고 이미 최신버전 업데이트 되어있지만 시키니까 어플 재설치도 해봤는데요 여전히 주문목록에서 ᆞ은 안 쳐집니다 일반 검색은 되는데 주문목록만 안 됩니다 다른 데에다 글씨 써서 복사 붙여넣기 하거나 그때마다 키보드를 바꿔서 써야 돼요
20,하승완,1,2025년 3월 9일,"예상 배달시간과 실제 배달 시간의 차이가 너무 큽니다. 너무 자주요. 음식점/라이더의 상황에 변수가 많을 수 있음은 알겠지만, 이 정도 퀄리티라면 개선할 수 있을 때까지 잠시 해당 기능을 제거하거나 다른 방식을 고민해보는 게 좋을 것 같습니다. 정말 너무 자주 너무 많이 늦어요."
21,김정동,1,2025년 3월 30일,앱이 점차 개발이 되면서 뭐 쿠폰이고 뭐고 그런건 상관없는데 사용하기엔 편리하게 좀 앱 구성이나 버튼 그런 걸 생각해서 만들어야 하는데 요즘 업데이트 될수록 더 소름끼칠 정도로 이상함 ㅋㅋ 적어도 사람이 생각하는 거라면 전화버튼이나 리뷰도 쉽게 업데이트 전이 더 편리했다는 걸 모르는건가 ㅋㅋ 이젠 뭐 음식점 전화번호도 가게 설명 되있는데 조그마하게 있고 리뷰는 안보일 때도 있고 ㅋㅋㅋ
22,Haksoo Kim,1,2025년 2월 7일,"배달 메뉴에 표시되는 이용 가능한 업체 목록에 배달이 불가능한 업체도 섞여 있음. 고민해서 메뉴를 고른 후 결제하려고 하면, ""지금은 배달이 어려워요""라면서 진행이 불가능함. 혹시나 메뉴를 고르는 와중에 업체의 배달 가능 상태가 바뀌었나 싶어 다시 검색해 봤더니, 여전히 배달 가능 업체로 검색되지만 배달은 불가능함. 배달 불가능한 업체는 표시 안되게 바뀌어야 하고, 메뉴 고르는 중에도 배달 불가 상태로 바뀌면 이용자가 그걸 인지하여 헛수고를 하지 않게 바뀌어야 함."
23,임종선,1,2025년 2월 22일,"0점이 없는게 아쉽네요. 2년 정도 전부터 배달 이슈를 몸소 느꼈는데, 개선 없이 점점 심해지는 거 같아요. 다른 어플로 갈아타려고 합니다. 훨씬 문제 없이 잘 도착해요. (+)B마트 첫주문 쿠폰 중복되지 않게 이벤트를 구성하든, 중복되면 어플 내에서 알아서 삭제해주든 하세요. 사용자 경험 계산 없이 만들지 않았을텐데 이게 기만 아니면 뭔가요?"
24,sungwon yoon,1,2025년 2월 5일,배민 시스템의 배달 주문 취소 기능에 오류가 있다고 합니다. 상담원이 취소를 눌렀으나 취소가 되지 않고 계속 제조중으로 나오다가 20분이 지나고 주문 취소가 처리됐고 원래 시스템에 그런 오류가 있다고 답변 받았습니다. 말이 안되는것 같은데 정말이라면 심각한 이슈 같아 확인 요청 올립니다.
25,백아절현,1,2025년 3월 22일,갈수록 더 앱이 퇴화하네요 가까운 매장을 검색해도 먼 매장이 위에서 검색되고 (먼곳을 피하기위해 그전에는 위치 거리 지도보고 주문을 했는데..) 광고비에 힘인건 알겠는데.. 매장 전화번호 위치 거리 지도 등 다 없어지고 더 이상 사용은.. 저 한사람 없어도 영업이익에 지장은 없지만 저처럼 생각해서 떠나는 소비자 점점더 늘어날 것 같네요
26,Tommy,1,2025년 5월 10일,"업주 잘못으로 고객이 일부 메뉴 환불받게되면 뜬금없이 중간에 껴있는 배민에서 피해자인 주문고객한테서 돈 떼먹고 주는 웃긴 배민. 할인쿠폰은 정상주문, 수령 완료된 메뉴에 적용했다고 보고 고객이 해당 메뉴에 추가 지불한 비용은 온전히 환불해줘야지 고객이 전달받지도 못한 메뉴에 이건 할인쿠폰 쓴거라는 소리하면서 돈 몇푼씩 떼먹고 돌려줌. 고객들은 총액에서 '온전히 전달받을 메뉴'에 대해서 할인쿠폰을 쓰는 거지 '못 받을 메뉴'까지 할인쿠폰 쓴다는 생각으로 주문하지 않는다. 쪼잔하고 괘씸해서 7년 넘도록 쓴 배민탈퇴. 이제 다른 어플만 씀. 그 업체도 유사한 계산법을 쓰지만 피해입은건 고객이고 받지도 못한 메뉴에서 돈 떼먹고 받았을 때 불합리하다 느낄 그 마음을 잘 알기 때문에 적절한 보상을 함께 해줌."
27,김지혜,1,2025년 3월 22일,"한 5,6년? 이용한 거 같음. 귀찮아서 쭈욱 쓰고 있었는데 오늘 삭제할 생각들어 쿠팡이츠 깔았음. 등급에 따른 할인 쿠폰 사라져도 별 생각 없었는데 왜 자꾸 앱 업데이트? 리뉴얼? 해가지고 짜증나게 하는지..더 편해진 느낌 없고 더 귀찮아짐. 가게 메뉴 선정하고 배달이랑 직접 픽업하게끔 선택하는건 왜 만든거임? 배달과 픽업 아예 카테고리 다르게 하던가.. 한번더 클릭하는것도 짜증나는데 잘못 클릭해서 픽업 누르면 뭐 수정이라도 쉽게 할 수 있게 하던가..편하려고 배달앱 쓰면서 이렇게 신경 써야 할 일인가..클릭 잘못한 내 손가락도 잘못이지만 휴일에 편하게 밥 먹으려고 주문했다가 운전하고 나갈생각하니 짜증나서 밥도 포기하고 긴 댓글 남김. 일년에 배달만 몇백씩 썼던것 겉은데 이 기회에 각성하고 집밥 열심히 해 먹으려구요~"
28,온수,1,2025년 5월 9일,1km도 안되는 거리에 있는 곳의 배달비 산정기준이 초과배달 0.1km라고 뜨면 어떻게 이해해야 하는 걸까요? 882m에 위치한 곳이 초과배달 0.1km면... 배민 클럽도 이용중인데 배달비측면에서 메리트도 부족하고 할인쿠폰같은 혜택이 예전에 비해 줄어든것 같아서 많이 아쉽네요. 나아졌으면 합니다.
29,헹헹헹,1,2025년 3월 4일,아니 갑자기 음식점 로고가 아닌 배달음식사진으로 변경한 이유가 먼가요? 실제로 비슷한 음식사진들만 있어서 보기 불편해요. 전에 상담사가 실물이랑 음식사진이랑 다르다고 전화했더니 어쩌라고 답변까지 친절히 해주시고는 이따위로 팔아먹겠다고요? 리뷰도 삭제하는 어플인데 사진은 뭘 믿어야 하나요. 심지어 가게 가격도 장난질 해놓은 곳도 많은데 예로 실제 세트메뉴가격이랑 클릭해서 들어가면 메뉴선택이라는 목적으로 세트가격보다 더 올려서 받는 음식점도 있어요. 메뉴선택에 당연히 추가금 안 받는 음식 없는데 로고로 거르는걸 이제 하나하나 보면서 주문해야합니다. 개인적으로 처음 사용하는 사람은 괜찮아 보여도 이전에 사용한 사람은 불편하다고 느껴지네요
30,시묭,1,2025년 2월 25일,"배달 문제가 너무 심합니다. 돈 내고 쓰는 서비스를 이용해도 배달이 잡히지 않는게 너무 큰 문제입니다. 음식이 도착하면 음식의 퀄리티가 상당히 떨어지게 되는데, 고객의 문제도 아니고 가게의 문제도 아니고 기사의 문제도 아닙니다. 배민 자체적 시스템 문제가 심각합니다. 문제가 계속되는데도 참고 이용하려 했지만 발전되는 모습도 보이지 않고 개선의 여지가 없이 서비스 센터 직원들의 감정만 소모되고 있는 것으로 생각됩니다. 굳이 배달의 민족을 쓸 이유를 모르겠어요. 차라리 다른 어플들을 사용하는게 모두에게 이로울 것 같습니다."
31,GaEun Lee,1,2025년 3월 22일,정기결제하고 가게배달을 안쓰던 이유가 지역마다 배달료를 측정해서 메뉴에서 선택해서 추가 결제해야해서 안보던거였어요 근데 이젠 합쳐져서 배달료가 무료인 곳도 무료가 아닌게 된 곳이 많네요 지역별로 배달료 추가 결제 해야하는데 이럴거면 무료배달을 위해서 달마다 돈을 왜 낼까요? 다시 전처럼 돌아갔으면 좋겠네요 안고쳐진다면 안쓸듯
32,이쓰,1,2025년 2월 9일,채팅상담 시스템이 좋지 않음. 채팅상담 인원이 많지 않은 것인지 답이 느림 또한 상담원들은 10분씩 늦어도 별 일이 없지만 소비자가 3~4분 답을 보지 못하게 되면 상담 자동 종료 그리고 배차가 안되는 상황이면 미리 고객한테 전화해서 양해를 구하든 환불을 하든 조치를 해야하는데 40분이 지나서 전달 받음. 이것도 가게 측 연락이 아닌 배달이 너무 안와 문의를 했더니 알아본다고 하시곤 취소 연락 받게 됨
33,야호,1,2025년 3월 11일,갈수록 ui 업데이트가 유저에게 불편해지는 것 같아요. 이전에는 가게배달에서 포장버튼 눌러서 가게가 어딘지 확인할 수 있었던 것 같은데 지금은 안되네요. 그 외에도 점점 이용이 불편해져서 다운그레이드하는 느낌이 드네요.
34,배준영,1,2025년 3월 7일,배달음식 먹을때 사용하는 앱인데 앱 기능보다 진짜문제인건 광고 자체가 너무 짜증나게 만듬... 잘사용하던 사람까지도 분노를 끌어올리는 능력이 있음... 케릭터도 꼴뵈기 싫게 그려놨고 게임하다가 광고볼때 배민광고 나오면 어떻게든 단 몇초라도 더보게 하려고 개수작질이 거의 사기수준임.. 스토리 광고 설정도 꼴보기 싫은 배우에 스토리도 말도안되게... 광고담당들 물갈이가 절실해보임 있는 사용자도 다 떨어져 나가게 만들고 있음
35,강푸름,1,2025년 5월 30일,장바구니 들어가려니 화면을 불러오지 못했다고만 뜨고 확인이 아예 불가능합니다. 와이파이와 데이터 모두 문제 없는데 계속 문제가 발생합니다. 이벤트 동의 수신을 거절하면 네트워크 문제가 생겼다며 앱을 다시 키기 전까지 어떤 터치도 먹지 않고요.
36,능이버섯,1,2025년 6월 7일,이틀에 한번꼴로 주문하는데 최근 며칠간 배민페이 충전결제시 오류가 납니다 오류가 나면 배민앱 초기 페이지로 이동되고 계좌가 금액이 없거나 결제 불가능한 상황인가 보면 그것도 아니고 똑같은 메뉴를 재결제시 결제가 되고있어요 이틀동안 2번이나 발생했고 메뉴를 다시 찾아서 결제 해야되서 쩌증이납니다
37,손영창,1,2025년 5월 30일,장바구니가 아예 안들어가집니다 폰 껐다키고 앱 지웠다 다시깔고 데이터/와이파이 바꾸고 다 해봤는데도 안됩니다 인터넷은 다른 앱이나 그런덴 다 잘되는데 배민만 혼자 접속불량이라고 합니다 이건 뭔 거지같은 경우인가요 + 나랑 장난칩니까 되다가 안되는건 뭔데요 들어는 가졌는데 그 안에서 조작이 안됩니다
38,K U,1,2025년 2월 14일,"운영진 개발자 모두 융퉁성이 없습니다. 이번 일로 우아한 형제들의 고객 서비스 정신이 타업체들에 비해 낮다는게 느껴집니다. 배민 클럽을 첫 결제하고 바로(10분~15분 후)환불하고 또 바로 결제를 하는 일이 있었어요. 이렇게 한 이유는, 타업체도 비슷한 서비스를 한다는 것을 결제하고나서 알게되고 거기로 갈아타려고 환불했다가, 여기 첫결제 이벤트(4천원 포인트)가 더 좋은거 같아 다시 결제하게 됐어요. 그 과정에서 첫 배민클럽 환불로 4000 포인트를 다시 회수해갔고, 이것은 이해합니다. 근데 여기서 문제가 발생하는데 배민클럽을 다시 구매하면 첫 결제 이벤트의 이득을 '두번째 결제'라는 이유로 4천원 포인트를 다시 안주더군요. 배민클럽을 통해 배달 주문이 없는 상황인데 두번째로 배민클럽 결제했다고 한번도 안써본 서비스의 혜택을 놓쳐야 했고, 말장난 하는걸로 보이고 이런걸 잡아야하지 않겠나요 고객센터도 AI가 아닌 상담원인데도 말하는게 기계적이고 형식적으로 답변하는게 꽤나 불친절해요."
39,팅튕,1,2025년 2월 25일,업데이트ㅠ 안드로이드버전이 낮아 업데이트 자체가 안되는데..기존 버전은 그대로 사용할 수 있게 해주면 좋겠습니다 전 생체인식필요없는데- ai필요없어요~~ 폰고장안나서 폰을 바꿀일이 없는데 어플실행이 아예 안되니; **배민사용을 할 수가 없어 배민측에서 이탈을 하게 만드네요- (타은행앱도 새버전 업데이트 했지만 안드로이드버전 낮은 기존 고객들을 위해 실행이 되게끔해놨어요 아직 마트어플도 실행잘되는데..)
40,yena,1,2025년 3월 30일,별 하나도 주기 싫은 건 처음이네요. 배달을 몇 번이나 시켰는데도 항상 배차도 안되서 번번이 매장과 고객센터에 전화하고 번거로웠어요. 결국 취소하는 경우가 많았고요. 그래도 여러 번 시켜 봤는데 맨날 반복되고 개선은 하나도 안 되네요.
41,장점장,1,2025년 3월 13일,"식당가게 배민가격확인할려고 설치하고,주소등록하고,식당검색해 가격확인하고,앱지우고 리뷰답니다.절차가 까다롭네.../다른데는 앱설치하지 않고, 인터넷홈주소가서 가게가격검색했습니다. 물론 20초정도걸렸구요, 충격적인 결말은 똑같은 가게인데 배민쪽이더 비싸게팔더군요.가격때메 여친과싸웠는데 서로의배달어플가격알아보니 결국 답을 알았구요."
42,bobby hwang,1,2025년 2월 23일,"계좌연결 해지 하게 해주세요. 잔액 부족이면 돈 뽑을 때까지 등록 된 모든 계좌에서 돈을 뽑겠단는건가요? ●계좌 등록은 쉬운데 해지가 없음, 자동이체 등록도 해지 했음. 편의성을 위한 의도는 알겠지만 본인들은 옵션을 여러개 쥐고 있는데(등록된 사용자의 여러 계좌) 서비스 자체 해지 외엔 소비지는 방법이 없네요? 본인들도 잔액이 없을때 있는 계좌에서 서비스 유지하겠다는 취지였으면, 돈 내는 소비자는 자기 특정 계좌에서 돈을 안빠져나가게 할 권리가 우선인듯 싶은데, 이거 은행 찾아가거나 고객센터에서 해지 하면 되는데, 모르거나 귀찮아서 쓰기야 하겠지만 잘.안써서 해지하려던 일부 고객들은 잠정적으로 매달 결제하게 끔 하는것 같아 별로 기분이 좋은 기업은 아닌것 같네요. 일단 계좌 등록/해지 자유롭게 바꿔주세요."
43,김다은,1,2021년 6월 17일,업데이트란건 불편사항과 버그들을 고쳐서 더좋은 사용을 위한거 아닌가요? 어떻게 업데이트를 했는데 저번보다 메뉴들이 더복잡하고 불편하고 난잡합니다. 심지어 배달현황에 위치파악이 가능하던게 사라져서 배달이 어디에있는지 언제쯤올지도 모르면서 기다려야합니다. 괜히 업데이트 했나싶기도하고 굳이 내가 이런 불편함들을 감수하면서까지 어플을 사용해야하나라는 생각도 드네요. 업데이트전까지는 정말 잘사용했는데 다음 업데이트가있기전까지는 사용하지 않을거같네요
44,김봄봄,1,2025년 3월 9일,"와....대단하네요. 배민으로 주문하고 가게 배달비 0원이 나왔어요. 그런데 요기요로 같은 가게, 같은 메뉴 신청하고 배달비 2000원이 추가됐는데 배민이랑 같은 거에요. 보니깐 같은 메뉴인데 메뉴 금액이 다르더라구요. 햐.....소비자들은 메뉴 금액이 설마 다를까 했을텐데 이렇게 속이시다니요. 배달비 없는 곳으로 선택한다고 배민을 계속 찾았던 뒤통수 맞은 느낌이네요. 햐...이럴 수가...계속 다른 커뮤니티에도 올리겠습니다. 이러시지 마시지요."
45,jh lee,1,2025년 1월 30일,"여러 곳을 한번에 배달해서 시간이 조금 더 걸리는 대신 배달료를 적게 받는 알뜰배달, 취지는 좋으나 야금야금 도착 예정 시간을 늘려서 픽업 이후 30분~심한 경우 한시간 뒤에도 도착하지 않는 경우가 많았습니다. 도로 사정도 있을수 있고 여러군데를 배달하는 알뜰배달 특성을 고려한다고 해도 아무리 그래도 그렇지.. 도착 예정 시간 자체가 한집배달 시간을 고려해서 계산된 시간일텐데 추가 30분은 너무 깁니다. 배달 음식 가격대를 생각하면 30분동안 음식 퀄리티가 얼마나 떨어질지를 생각해보면 말이 안되는 수준이에요.. 기분 좋게 먹으려고 배달시켰다가 기분 나쁜 경험이 반복되니 배달 문제만으로 느껴지는게 아니라, 이런 상황을 겪고있을 수많은 고객에 대해 이렇다할 조치를 취하지 않고 있는 배민에 대한 신뢰도가 떨어지는것 같습니다."
46,젤스JS,1,2025년 2월 3일,"배민배달로 이때까지 배달이 제대로 된 적이 거의 없었는데(오배송, 음식 파손, 매우 늦게 도착 등) 배달 서비스랑 시스템 좀 개선해주시면 좋겠습니다. 그리고 자동차, 자전거나 도보 등 오토바이 외 배달은 가능하면 배차가 안 됐으면 좋겠네요. 일반적으로 오토바이 배달에 비해 시간이 많이 걸려서 음식이 다 식어서 올 때가 많습니다."
47,Stanly Rohe,1,2025년 3월 8일,업데이트 하라는 문구는 계속 뜨고 구글스토어에 들어오면 열기라고만 뜨지 업데이트 키는 없고 고객센터에 전화했더니 재설치 얘기만 하고.. 재설치 100번해도 변화없고 사용하고 싶어도 사용할 수 없는 앱. 혹시나 해서 아래보니 데이터 삭제 캐시 삭제 얘기하는데 씨알도 안먹힘....
48,Google 사용자,1,2019년 6월 28일,어플의 구성이 좀~~ 그렇네요!! 메뉴의 전체사진이 있으면 좋겠는데.. 전단지 처럼!! 리뷰와 사진을 찾아보고서 주문을 하게 되네요.. 또한 주문 고객의 리뷰 작성시 자동으로.. 주문한 메뉴가 표시 되었으면 합니다.. 그래야 어떤 메뉴 사진인지 알아보기 쉽고 참고가 될 것 같네요~~
49,Julia Na,1,2024년 10월 9일,업데이트 후 사용이 불편해져서 안쓰게 됩니다. 리뷰 목록 둥 기존 메뉴들이 어딨는지 찾기 힘듭니다. 한 앱에 든 것이 많아 이동할때마다 안그래도 많이 눌러야 하는데 안내 팝업이 너무 뜹니다. 추천 분류가 너무 많아 상품 찾기 힘들고 마트 좋아요 같이 바로 사용하고 싶은 메뉴는 첫화면까지 뒤로기기 계속해야 해서 앞으로 갔다 뒤로가다 앱을 닫게 됩니다.
50,Google 사용자,1,2019년 1월 20일,멀쩡히 잘 쓰고 있던 정렬 기능을 개편을 위해 삭제한 버전으로 스토어에 올렸다구요? 이게 말이나 되는 소린가요? 기능을 바꾸려고 했다면 먼저 그것부터 충분히 테스트하고 대체해야지 사용자들보고 그냥 참으라고 막무가내로 없데이트한다고? 그걸 누가 믿어요. 그게 아니라 그냥 사람들 간 보고 싶었겠지. 정렬 없어도 괜찮은지 아닌지. 진짜 개편을 위해서 그런 거였다면 그것대로 동네 구멍가게만도 못한 프로세스 수준인 거고. 여러모로 우형의 댕청함이 놀랍네요.
51,Google 사용자,1,2019년 1월 12일,"정말 잘 쓰고있는데요, 결제 페이지에서 결제 실패하고 돌아오면 쿠폰 사용 설정이 초기화되면서 못쓰는 경우가 자주 있습니다. 결제 실패해도 해당 화면에 요청사항이랑 쿠폰 설정한 내역은 남아있으면 좋겠습니다. 처음부터 안쓸 생각으로 주문하면 모르겠는데 쓰려고 생각하다가 그런식으로 못쓰게되면 매우 기분이 나쁩니다"
52,김헌우,1,2020년 9월 11일,"업데이트에 불만이 있습니다. 기존 버전에선 배민오더로 주문할 시 지도를 이용해 주문할 매장을 선택할 수 있었습니다. 저는 집 근처에 음식점이 별로 없는 관계로 주로 자전거를 타고 20분정도 거리의 상가의 매장에서 주문하는데, 업데이트 이후로 지도를 이용한 주문 대신 집 주변에있는 음식점들의 리스트에서만 주문이 가능해졌습니다. 물론 기존 배민 오더의 지도를 이용한 주문 방식이 음식점을 카테고리별로 분류하지 못 하는점을 보완해야할 필요가 있었던것은 맞으며 이를 잘 보완했지만, 기존 지도 방식을 완전히 없애버려서 저 같은 경우에는 업데이트 이후 더 불편해졌습니다. 기존 방식의 단점을 메꾸는 시도는 좋지만, 기존 방식이 갖는 장점을 아예 없애버리면 업데이트한 의미가 없다고 봅니다. 가장 나은 해결책은 지도 방식과 리스트 방식 둘 다 이용 가능하게 하는 방법이겠지만, 어플이 무거워지는걸 고려하면 기존 지도 방식을 사용하되 따로 필터링을 두어 이용자가 원하는 종류의 음식만 볼 수있게 하는편이"
53,김경용,1,2021년 8월 2일,"배민 최근 주문수 및 리뷰가 정확한 숫자로 뜨지 않고, 100+, 그리고 리뷰의 경우에도 최대 100+로만 떠서 맛집인지 어떤지 확인하려면 클릭을 1~2번 정도 더 해서 들어가야 하네요...주문수는 최소 10단위로는 알수 있도록 변경했으면 하고, 리뷰도 10단위로는 바꿔서 이용자가 바로 알 수 있게 했으면 편리할거 같네요"
54,김채윤,1,2021년 6월 12일,정말정말 보완해주신다면 삶의 질이 두배는 올라갈 거 같은 점이 있습니다... 메뉴에 해당하는 리뷰를 메뉴에 들어가면 바로바로 볼 수 있게 리뷰와 메뉴가 연결되면 좋겠습니다 맨날 먹고 싶은 메뉴에 대한 리뷰를 남긴 사람이 없나 계속 스크롤내리면서 찾아보면 시간이 너무 오래 걸리고 귀찮아요 ㅜㅜ 혹시 이미 기능이 있는데 제가 모르는 거라면 죄송하고 알려주시면 감사하겠습니당..
55,Haesung Cho,1,2021년 7월 2일,이번에 메인화면 ui구조가 상당히 불편하게 바뀐 것 같습니다. 특히 이전에는 제가 시켰던 음식 목록을 한번에 찾을수있어서 편했는데 바뀐 이후에는 스크롤을 내려서 음식목록이 어디있는지 찾아야된다는점이 불편한거같아요. 가게 대표메뉴를 이미지로 보여주는 방식은 더 구미를 당기게한다는점에서는 좋은데 이전 ui구조가 정보 접근성 측면에서 더 편했던거같아요 ㅠ ㅠ
56,하지윤,1,2023년 2월 15일,"배달의민족 주문시 리뷰를 자주 참고하는 편입니다. 한가지 건의사항이 있다면 최신순,별점순 뿐만아니라 제가 주문하고자하는 메뉴를 특정해서 그 메뉴의 리뷰만 확인할 수 있는 기능이 있으면 좋을 것 같습니다. 메뉴검색 기능처럼 리뷰에서도 특정 메뉴 검색기능이 필요합니다. 주문수가 많지않은 메뉴의 리뷰를 보기 위해서 드래그하느라 시간이 많이 소요되는 비효율이 발생합니다. 긍정적으로 검토해주심 좋을 것 같습니다."
57,득드기,1,2022년 3월 22일,이 어플의 가장 큰 문제점은 매장 지도확인 유무가 확률적이라는 점입니다. 지도를 시각적으로 확인하려먼 선택한 매장의 주문 메뉴가 배달-포장으로 분리되어 있을 때 포장을 선택해야지 확인할 수 있습니다. 다시 말해 해당 매장의 주문 메뉴가 배달-포장을 구분하지 않으면 주문을 결제하기 전까지 지도를 확인할 방법이 없다는 기적의 ui를 가지고 있다는 말입니다. 거기다 문제는 메인메뉴에서 포장탭을 선택해서 가게 검색을 했다고 해서 무조건 지도를 확인할 수 있는 게 아니라는 겁니다. 덕분에 포장주문 시킬 때 같은 이름의 다른 매장으로 잘못 찾아가는 일이 적잖이 발생합니다. 다른 배달 어플인 요기요는 100% 지도를 확인할 수 있었는데 왜 이 어플은 지도 확인을 확률제로 만들었나요?
58,펀치펀치,1,2025년 2월 2일,와이파이 상태에서 연결상태가 일시적으로 불안정하다고 무한 반복인데 이거 해결좀 해주세요 껏다켜도 앱 재설치해도 똑같음 와이파이 문제도 아닌게 같은 와이파이쓰는 다른 폰은 문제 없는데 제거만 그럼 기종도 옛날게 아닌데요 너무 불편합니다
59,Jun Min,1,2021년 6월 17일,첫화면 누구 생각인가요? 앱 사용해보고 만드신거 맞죠? 수수료 받아가서 한다는게 더 불편하게 만드는 건가요? 도대체 검색 칸을 만들어 두고 클릭하면 또다시 검색창으로 가지는건 누구 아이디언가요? 그럴거면 검색 창이 아니라 그냥 바로가기 버튼이죠. 민원24시 앱도 이거보단 직관적 일거 같네요.
60,커피콩,1,2024년 2월 3일,장바구니가 너무 불편합니다. 비마트에서 여러가지를 담고 스크롤 올리고 내릴때 살짝 대각선으로 움직이면 배달포장 대용량특가등 좌우로 넘어가 버리고 비마트 항목으로 다시 넘어오면 체크해둔 상태가 아닌 리로딩 되어 맨위로 올라가고 전체선택이 됩니다. 너무 예민해서 살짝만 직선에서 벗어나도 옆 항목으로 가는데 쓸때마다 짜증나더라고요. 위에 배달포장 비마트 대용량특가...등 항목을 눌러서 선택해도 될듯한데 화면을 옆으로 넘길 필요까진 없는듯합니다. 거의 매일 배민 어플 사용하면서 느낀점입니다.
61,Google 사용자,1,2019년 4월 13일,"메뉴가 참 다양해서 좋음. 다만 메뉴 가격이나 편리성이 무색해지는 최소주문금액과 배달팁이 큰 단점. 메뉴 하나가 8천원 해도 최소주문금액이 만원이면, 결국 만6천 주고 2인분 시켜야됨. 거기다가 배달팁도 있음. 차라리 배달팁을 더 주고 1인배달을 시켜주든가, 2인분 이상이 배달이라고 하든가. 이해가 안되는 시스템."
62,홍홍홍,1,2023년 10월 14일,어플이 업데이트되면서 좋아진건 음식별로 리뷰를 볼수있어 좋습니다! 그런대..예전에 탭별로 상세메뉴를 보이게 또는 안보게 설정할수있어 굳이 필요없는 메뉴를 안봣는데 업데이트되고 그 기능이 삭제되서 현재는 모든 메뉴를 다봐야한다는 아주 쓸대없고 개불편한 단점이 생겨버렸습니다ㅠㅠ 그 기능 다시 돌려놔주세요ㅠㅠ 쓸대없이 내려서 보는거 너무 힘듭니다ㅠㅠ 제발 꼭 개선해주세요. 부탁드립니다ㅠㅠㅠㅜ 제발요!!!!! 아그리고.. 추가 건의사항이 있습니다! 상점에서 과도하게 깃발을 꽂는것때메 중복적으로 보이는게 너무 심합니다. 배민이나 업체가 돈벌어야한다는건 알지만 과도한 깃발 꽂기는 소비자입장에서 너무나 불필요합니다. 상점이 어떠냐에 따라 다른건대.. 각탭별로 하나씩만 하게 갯수제한 해주셨음 좋겠습니다!!!
63,서지민,1,2022년 12월 3일,배민 어플 잘 이용하는 중입니다. 근데 배달기사 잘못인데도 배달기사 평가를 할수가 없어서 잘못없는 음식점이 피해를 받는경우도 종종있고 음식점 별점을 깍을순 없으니 억울하지만 그냥 넘어가는 경우가 생깁니다. 특히 배민 1에는 배달기사 평가가 생겼으면 좋겠네요 그리고 요청사항 저장을 음식점마다 다르게 저장하는 기능도 생겼으면 좋겠습니다. 맨날 시키는 곳이 다르니 저장을 해도 다시 써야하는 경우가 많네요
64,박지은,1,2024년 3월 22일,왜이렇게 업데이트 할때마다 사용하기 점점 불편하게 바뀌는지? 클릭한번 더 해야되고 더 번거롭게 바뀌네요. 일반결제가 기본임에도 저쪽 구석으로 밀려나고 마치 한집배달을 유도하듯 메인에 만들어 놔서 잘못 클릭하면 자꾸 나가서 일반결제를 다시 클릭해야하게 만들어놓더니. 이젠 결제창에 요청사항이나 리뷰이벤트할때 또 클릭해서 하게끔 바뀌었네요. 쓸데없는 짓 정말 잘하네요 배민.
65,김도윤,1,2023년 5월 27일,"배달앱 잘 쓰고 있습니다. 그런데 쓸때마다 느끼는 불편한점이 있어서 어필해봅니다. 수저포크 기본설정 X로 되어있는것좀 바꿔주세요. 주문 할때마다 깜빡할때도 있고 귀찮네요. 솔직히 안필요할때보다 필요할때가 대부분입니다. 그리고 1회용 용기 시켜먹는 배달 자체가 이미 친환경이 아닌데 무슨 환경지키는 척입니까. 그러면 배달 자체를 안시켜야지.. 사용자 불편함이라도 줄여주세요. 기본설정을 O로 하고 필요없는 사람이X로 바꾸면 되죠. 아니면 환경설정에서 원하는 옵션으로 고정해둘수 있게 해주던가요. 그것도 안되면 안주셔도 되요(체크)가 아니라, 주세요(체크)로 표기하는게 알아보기가 좋을것 같네요. 그리고 배달 위치마다 찜 목록이 달라졌으면 좋겠네요. 예를들어 회사, 집 동네자체가 다른데 불필요한 정보까지 나와서 헷갈리게 합니다. 찜목록이 많은만큼 더 헷갈려요."
66,t o t,1,2021년 9월 30일,"아이디 찾기를 하는데 휴대폰 인증을 하면 다시 로그인 하기가 뜹니다. 로그인 버튼을 누르면 당연하게도 그냥 로그인 창으로 연결되고요. 아이디를 찾아야 로그인을 하잖아요.... +) 몇번 시도를 하니 아이디를 일부 알려주는 화면이 연결됐습니다. 그런데 입력시에 오타가 났는지 제가 쓰는 이메일 주소가 아니었어요. 모르는 아이디에 비밀번호라 당연히 로그인 정보가 틀렸는데 수십번을 해도 로그인 시도 카운팅이 제대로 되지 않네요. 계정정보가 일치하지 않습니다 (4회 남음) 에서 변하지가 않아요. 일정 횟수 로그인 시도가 이루어지면 보통은 휴대폰이나 메일 등으로 계정 정보와 함께 로그인 시도 알림이 가서 계정을 잠그거나 로그인 정보 자체를 바꾸거나 탈퇴할 수 있게 해주던데 그런 장치는 없는 건가요? 아이디 자체를 모르니 탈퇴 후 재가입도 불가능하고, 앱 내의 고객센터에도 관련 카테고리는 없고.. 휴대폰 번호를 새로 발급 받지 않고는 비회원으로만 주문하게 됐는데 상당히 불편합니다.."
67,파란색돌,1,2024년 4월 17일,요청사항을 뒷부분만 수정하려면 지우고 새로 써야하게 만들어놓고 가끔 수정해도 전에 썼던 요청사항으로 주문들어가는 경우도 있고 UI도 전체적으로 너무 불편함. 그냥 UI 디자인을 못한건지 지들 원하는데로 유도하려고 고의적으로 불편하게 만든건지는 모르겠지만 디자인 한 사람 머리속이 궁금할정도임
68,Google 사용자,1,2019년 1월 1일,첫 앱결제 문제점.. 첫 결제에러 나왔는데 거의 50분걸려 문제점이 나왔는데 생년월일때문 이라니..ㅡㅡ 19로해서 분명히 8개의 숫자를 잘 눌렀는데도 그것 때문이라고 하니 할말이 없었음 분명히 난 몇번을 했고 결제 수단을 바꾸니 바로 되는건 뭐일지...여하튼 사용하긴 좋은것 같은데 결제수단을 여러가지로 하는게 어떨런지...지금 있는것 보다 많게요..
69,환바,1,2024년 3월 16일,"배달의 민족앱자체는 만족하나, 식사후 맛 리뷰 평점 자체는 클린하게 이뤄지진 못하는것 같습니다.. 식당입장, 그러니까 업주 입장에서는 높은 별점으로 인한 주문건수를 기대하려 하겠지만, 주문자 입장에서는 맛이 없는 식당들도 대체적으로 4.8점이 넘어 정확한 맛집 탐색이 어렵다는 점에서 앱자체에 대한 평점은 3점으로 남겨 놓습니다.. 즐거운 식사를 항상 추구하고 기대하나 평점에 속아 그러지 못해 이를 애석하게 생각하고 있습니다! 수고하시는 어플리케이션 개발자 여러분들 좋은 아이디어로 참신한 방법을 구안해 내시길 바라며 이만 줄입니다.!"
70,kh ki,1,2024년 4월 5일,UI 바뀌고 진짜 개햇갈리게 바꿔놨네요.. 모던도르에 빠져서 편의성이나 시인성이 거지같아진건 아닌지 한번 생각해봤으면 좋겠습니다 그리고 일회용품 체크되서 나오는거 개편하면서 꽁꽁감싸숨겨둬서 배달할때마다 전화해야하는거 개열받네요 진짜.. 이게 목적이셨다면 성공하셨습니다 축하드립니다
71,Hyojeong Kim,1,2020년 12월 7일,비마트 좋긴한데 불편합니다 장바구니의 그 체크 표시 하는 사각형도 너무 작은데 늘려줬으면 좋겠고 로딩도 너무 오래 걸리는데 로딩 속도도 좀 빠르게 바꿔줬으면 좋겠고 장바구니의 상품을 보고나면 체크 표시를 끈게 꼭 다시 선택이 되어있는데 그것도 고쳐서 체크 표시가 안나왔으면 좋겠습니다 글고 로딩 화면도 그만 좀 나왔으면 좋겠습니다
72,이유빈,1,2024년 3월 30일,"아무리 생각해봐도 배달의민족 어플리케이션 UI관련 부서 문제있어보이네요 기존에 주문창에서 한번에 볼 수 있던 UI를 포기하고 각각 메뉴 하나하나에 묶어 버리는게 맞나싶어요 UI관련해서 직급 낮은 개발자들이 이렇게 수정했을리는 없고 그위일텐데... UI 개편작업이라는건 사용자가 조금이라도 더 편하게 사용할 수 있도록 수정하는게 맞는거같은데 전부터 느끼는 거지만 가게창, 주문창 등 배달의 민족은 점점 안좋은쪽으로만 바뀌네요 요즘 쿠팡잇츠 무료배달 서비스 선언에 슬슬 밀려나가려는 시장분위기 알고있으면 UI라도 편하게하고 그에 대응하는 서비스를 제공하려 노력해야 할꺼같은데 참..."
73,A la,1,2021년 11월 18일,배달앱 중에선 배민이 제일 편한거 같아요~ 몇 년 사용하면서 꽤 불편하다고 느낀점이 있는데 가게 메뉴들 리스트에 적혀있는 설명(보통은 메뉴의 구성을 적어둡니다)과 메뉴를 선택해서 들어가면 보이는 설명이 다를 경우에 리스트에 적혀있는 글이 잘려서 다 안보이면 뒷내용을 알 수 없다는 점이예요. 사진에서 메뉴 구성을 한 눈에 볼 수 있는 메뉴들은 괜찮지만 마라탕과 같이 조리시 사진이 찍혀있는 경우 구성품을 전부 알기 힘든 경우에는 사리를 추가하거나 빼는것이 굉장히 난해합니다. 이런점 때문에 지난 몇 년간 같은 불편함을 격고 있습니다. 주변 지인분들도 공감하시더라구요. 개선되었으면 하네요.
74,권연순,1,2020년 5월 10일,"초창기땐 완벽,아니 찐 완벽이었습니다. 여러가지 문제로 인해, 지금은 리뷰가 2.7정도 되었네요 문제점입니다 나이드신분들이 주문하기가 어렵습니다. 이걸 고쳐주시면 감사하겠습니다. 그리고, 오류가 너무 많이 납니다. 이 두개, 고쳐주시면 감사하겠습니다."
75,Google 사용자,1,2019년 6월 17일,수정) 메뉴구경이라던가 그런쪽에서는 문제하나도없었고 오직 결제 과정만 데이터를 쓰던 와이파이를 쓰던 다른폰으로 하던 옆동네에서하든 문제생겻습니다 계산화면에서 로딩이 너무심하네요 도저히 못쓰겠어요 요즘 문제있나요? 스크린샷 올리고싶은데 리뷰에는 못올리네요
76,김재아,1,2023년 12월 20일,"잘 쓰고 있습니다. 웬만한 모든 건에서 지불 금액이 다소 높더라도 편의성만 보장되면 어느 정도 수긍하는 편이라, 한집배달이나 일반 배달 배달팁 등 별 불호도 없고요. 그간의 고객센터 문의도 항상 빠르게 잘 처리해주셨던지라 나쁘지 않습니다. 다만 한 가지 건의인데... 어플 처음 깔고서 위치 선택이 아니라 로그인 혹은 비회원 주문 선택 화면 등으로 업데이트는 불가할까요? 비마트든 일반 배달이든 하도 자주 이용해 나름 줄이고자 무의미하게 어플 삭제와 재설치를 반복하는데 그때마다 일일이 위치부터 설정하기 번거롭더라고요. 이미 내 계정에 주소들이 있는데... (별거 아닌 단계지만 제가 정말 자주 삭제를 해서요) 아무튼간에 잘 사용하고 있습니다. 감사합니다."
77,hy h,1,2022년 12월 22일,배민1 자체가 한번에 한 집만 이라는 슬로건으로 진행하는걸로 알고 있는데 일반 배달과 시간 차이가 거의 없습니다. 특히 어쩔 때는 예상시간보다 훌쩍 시간이 지나도 배달이 오지 않아 문의하니 배달 기사가 매칭이 안돼 음식은 다 만들어도 배달이 지연되고 결국 다 식은 음식을 받은 적이 한두번이 아닙니다. 이럴거면 왜 추가요금까지 내면서 배민1을 하는지 모르겠습니다. 한두번 일어난 일이면 그럴 수 있지 라고 생각 하겠지만 너무 자주 이런 문제들이 일어나서 더이상 사용하고 싶어지지 않을 정도네요
78,김최선,1,2021년 6월 25일,첫화면 바뀐거 너무 별로네요 자주 사용하는 기능이 첫화면에 있으면 좋겠어요.. 클릭 횟수가 늘어나니 영 불편하고 답답합니다. 첫화면이 굳이 왜 필요한지도 모르겠어요 눌러서 들어가보면 이전이랑 크게 다를것도 없던데요 상자 속에 상자속에 상자속에 상자 같아요 홍보까지 하셔서 뭔가 더 좋아지나 기대했는데 기대한게 문제였을까요 기대 이하에요
79,Google 사용자,1,2019년 8월 11일,4시 이벤트 하면서 주문 에러 서버증설하면 공지라도 날리던가 몇십분을 시도만 하고 있었잖아요. 저같은 사람이 한 둘이 아닐텐데..아까운 내 시간...아... 뛰어난 개발자들 모아놨다는건 그저 홍보용인건지... 시스템 문제를 고객 네트워크 문제라고 하는 애러메시지는 도대체...에혀..모르는 사람들은 자기 폰 문제라고 생각하겠지.
80,최혜준,1,2024년 5월 31일,배달의 민족 어플 잘 쓰고있는데요 방금 정말 이상한 경험을 해서 문의드리고 싶습니다 갑자기 핸드폰에서 어떠한 화면전환없이 '배달의 민족 안심콜입니다' 라는 소리와 함께 연결알람음이 계속 울렸는데 수락이나 거절하는 버튼이 없이 소리만 나와서 정말 소름끼치는 경험을 했습니다. 모든 앱을 종료하니 알람음이 멈췄습니다 제 개인정보가 유출되고 있는건지 불안한데 앱의 문제인가요? 단순 오류인가요?
81,박성희,1,2023년 6월 7일,"요0요같은 경쟁어플을 사용하면 참편리한 부분이 있습니다 메뉴를 보다가 원하는 음식을 클릭만 하면 바로 다른사람이 쓴 리뷰가 나오면서 모양이나 음식의양 맛등 평가를 바로 볼수있는 편리함이 있습니다... 배달의민족 너무 좋고 잘 이용중에 있지만 궁금한메뉴에 대한 리뷰를 하나씩 찾아보면 주문하는데 너무 많은 시간을 쓰게됩니다.. 하나의 의견이겠지만 개선이 된다면 많은 사람들이 하나씩 찾고 고민할 시간에 더 빠르게 주문을 하게될것이고, 배민어플을 편리하고 더 좋은 이미지가 될거라고 생각합니다!"
82,Google 사용자,1,2019년 7월 9일,배민앱 오늘처음사용했는데 신규쿠폰혜택 주셔서 덕분에 맛있게배달시켜먹었네요. 너무감사합니다. 관심있는장소 찜하는기능 맘에들어요 따로 찾지않아도 되어서요. 다만 다른분들의 리뷰를 참고할때에 그분들이 주문한메뉴도 같이 표시되었으면해요. 사진만보구선 어떤메뉴인지 잘모르겠더라구요. 앞으로도 잘 이용하겠습니다 :)
83,SJ A,1,2020년 8월 17일,메뉴설명이 다짤려서 나옵니다 시키는대로 고객센터에 문의해봤지만 와이파이 때문인것같다는 이상한 답변만 돌아오고 해결의지가 없네요. 와이파이 하에서는 작동하지 않는 오류앱이라는걸 인정하는것과 같은 말 아닙니까? 설사 데이터환경문제라 해도 통신 에러처리를 제대로 하는게 맞지 저런답변은 정말 아닙니다
84,박민영,1,2024년 12월 30일,"배민클럽 첫 구독 무료 혜택 받아서 가입했는데, 첫 주문하기 전에는 해지 예약을 할 수 없고 한번 해지하면 혜택을 받지 않았더라도 무료 혜택이 사라진다고 공지가 되어있었나요? 보통 아직 이용하지 않았어도 해지 예약 버튼이 있고, 혜택을 받지 않았다면 다시 혜택받아서 가입할 수 있게 해주는 게 맞다고 생각하는데 안된다고 하셔서 황당하네요.. 만약 이게 명확히 공지가 되어있었다면 제 잘못임을 인정하지만, 사용자가 이를 명확히 판단하기 어렵고 이런 경우가 쉽게 발생할 수 있다고 생각해서 이 부분이 개선되었으면 좋겠습니다 기분좋게 배달 시켜 먹으려고 했는데, 너무 황당하고 기분이 안 좋네요.. 배달의 민족 지금까지 잘 이용해왔는데, 이런 문제가 생겨서 많이 속상합니다. 명확하게 공지가 되지 않았었다면 혜택 다시 적용시켜 주셨으면 좋겠고, 공지가 되어있었다면 사용자들이 한번이라도 이용 후 해지해야, 기간 만료까지 이용할 수 있음을 더 쉽고 정확하게 인지할 수 있도록 꼭 개선 부탁드립니다."
85,Google 사용자,1,2020년 1월 20일,전반적으로 다 만족해서 쓰고 있는데 예약주문이라는 기능을 가게에 충분히 인지시켜주시고 받아들인 업체만 사용할 수 있게끔 했으면 좋겠어요. 예약주문 할 때마다 바로 배달와서 당황시키고 주문 요청사항에도 예약주문이라고 까먹을까봐 적어놨는데 그쪽에서 이해를 못해서 주문 잘못한 거 같다고 하고 얘기를 더 해줬는데도 바로 배달을 와서 서로 불쾌하고 난처한 상황이 일어나는데 충분한 설명을 업체 측에 해주셨으면 좋겠네요 이해도 못한 가게에서 사용할 수 있게 허용해두고 주문자 탓으로 돌리는데 서로 감정만 상하네요
86,g s,1,2024년 1월 14일,수저포크x 버튼 기본으로 활성화 되어있는거 환경 보호한다고 해놓은거 압니다. 그런데 그거랑 별개로 사용자가 기본설정을 바꿀 수 있게 해줘야지 결제창 껏다가 다시 열면 또 체크되어있어서 조금만 까먹으면 수저없이 밥먹기 일수입니다. 기능을 삭제하는게 아니라 디폴트 설정을 바꿀 수 있게 옵션에 추가해주세요. 저는 직장에서 점심 먹을때 맨손으로 먹기 싫습니다. 이렇게 주문 실수때 젓가락 안받아봤자 결국 먹을 방법이 없어 편의점에서 하나 가져오게 만들 뿐 환경에는 도움이 안됩니다.
87,Google 사용자,1,2019년 3월 2일,우선 배달업체 광고가 너무 많습니다. 두번째는 주문직전 주소바꾸기 안되는게 매우매우매우 불편합니다.(메인메뉴로가야되서) 평점은 몇일 뒤에도 남길수 있도록해주세요. 서비스 엉망인 곳 화나고 참다가 알리려하는데 시간이 초과되서 안되는데. 몇일 유예를 주시면 좋겠습니다. 그래도 잘 쓰고있습니다. 감사합니다.
88,2채은,1,2024년 6월 10일,포장을 주로 시키는 사람인데 이번 UI 업데이트 후 포장버튼 찾기가 어려워졌습니다. 밑으로 내리면 보이긴하지만 버튼이 다른 것들과 섞여있기도 하고 이전 Ui에비해 크게 눈에 띄지않습니다. 너무 작아요. UI에 포장버튼도 배달버튼처럼 크게 보였으면 좋겠습니다.
89,리델,1,2022년 9월 28일,이전에 시켰던 가게인지 아닌지 확인이 좀 더 용이해지면 좋겠어요 주문 내역 안에서 검색이 가능하든지 아니면 가게 페이지에서 주문 횟수 등을 표시해주면 좋겠습니다 싫은 소리 하고 싶지 않기도 하고 단순 취향 문제인 경우도 더러 있어서 리뷰 남기지 않는 경우가 많아 리뷰 검색 기능은 있더라도 좀 부족하다고 느껴질 것 같네요...
90,mandarin red,1,2021년 1월 20일,"1. 아이콘, 텍스트가 작아졌다. 나도 좀 작다고 느끼는데 50세 쯤 이상의 사용자는 포기한거구나. 2. 점점 지저분해진다. 가게 목록은 울트라콜이니 뭐니 번잡스럽다. 똑같은 가게가 또 나온다. 등록된 가게들의 메뉴는 끝이없다. 메뉴설명도 사진이나 글 없이 부실하다. 전체적으로 이것저것 우겨넣어서 점점 지저분해 진다. 3. 필터 기능의 부재. 배달비 필터, 가격필터나, 원하는 메뉴의 리뷰를 찾아볼 수 없다. 싫어하는 메뉴, 알러지가 있는 메뉴나 그런 식품을 파는 가게를 숨기고 싶은데 숨길 수가 없다. 4. 난 알러지가 있다. 사장님께 남기는 말이 너무 길어져 알러지나 식성을 적는 칸이 따로 있으면 좋겠다. 또한 알러지나 식성에 맞춰 개별조리가 가능한 가게인지 표시가 있으면 좋겠다. 체인점에 전화로 저번에 너무 달았어서 덜 달게 해달라고 부탁했더니 그냥 뜯어서 만드는건지 그렇게 안된다 그러더라."
91,사람이,1,2023년 1월 8일,참 괜찮게 쓰고 있는데.. 검색결과화면에서 슬라이드로 다른 카테고리로 넘어가는 기능 민감도가 너무 높아서 불편해요 배달 카테고리 화면 아래로 내리던 중이었는데 포장으로 갑자기 넘어가고 자주 이러니까 다른 앱을 쓰게 될 정도로 영향이 있습니다 개선 바랍니다
92,Google 사용자,1,2019년 1월 8일,비회원으로 사용하다가 가입할까해서 네이버 아이디로 로그인시도를 했는데 팝업이 순식간에 0.1초정도 떳다 사라져서 무슨 오류인지도 알지도 못하다가 순간캡쳐해보니 이메일 정보제공에 동의를 하지않아서 로그인이 실패했다고 뜨는데 그럼 다시 선택을 할 수 있게해주시던가 계속 로그인도안되고 어쩌라는건지 모르겠네요 가입절차에 대한 안내가 부족한 듯합니다
93,Google 사용자,1,2019년 2월 22일,사이드 메뉴 누락 한두번까지는 참았는데 다른 메뉴를 보내주는건 못참겠습니다. 가격이 같다고 해도 순살을 시켰는데 다른 메뉴에 뼈있는걸 보내주면 기분이 매우 좋지 않네요. 주문표기가 바뀔수 있는건가요..
94,L L,1,2023년 6월 11일,"배달의 민족은 최악의 앱입니다. 초기부터 사용했지만 사용자에게 좋은 경험을 주려고 하기보단 이익 창출에만 우선인 앱이라고 보여져요. 보통 하나의 앱을 오래 쓰면 그럴 이유가 있을 만큼 발전이 보이고 소비할 이유가 생기는데 배달의 민족은 그런게 전혀 없어요. 배민1, B마트 등 돈 궁리할 새로운 메뉴만 생성하기 바쁘죠. 월 2-3회 정도로 자주 이용하는 것도 아니지만 그럼에도 이용하는건, 이용할 가게가 이 앱에만 있기 때문. 쓰면서도 욕하는 게 웃기죠? 초기 마케팅만 잘 했지 리뷰 영역에 대한 발전, 이미지, 가게 찾기, 배달 수수료 등 발전 된 건 단 하나도 없어요. 이렇게 큰 회사의 리뷰가 사진 올릴 때 돌아가는 기능, 텍스트 입력시 선택도 안 되는 구식을 보인다는게 말이 됩니까? 업뎃 해달라 요청한 적도 없지만 겨우 그런걸 요청까지 해야 하나 싶었고, 이 정도는 온갖 메뉴는 잘도 새로 만드는 한 기업의 기본 자세죠. 기본부터 합니다."
95,Google 사용자,1,2018년 10월 27일,실수로 결제했을때 2분안에 바로 앱에서 취소할 수 있었으면 좋겠... 너무 늦게 온다는 글을 못보고 결제후 바로 취소할라했더니 취소메뉴가 없어 전화. 근데 번호입력하래서 내번호 내가 입력했는데 자꾸 아니라고함.. 결국 주문들어간듯하여 취소포기.
96,Google 사용자,1,2019년 3월 28일,원래 멀리까지도 표시가 됫었는데 갑자기 바뀐뒤로 근처 가게만 표시되네요 가게들이 그래서 몆개밖에 안떠요 설정할때 가까운순 멀리까지보기 5키로내까지 보기 이렇게해서 멀리있는 가게도 설정하면 다 떴었는데 그게 기능에서 없어졌어요. 배달도 다 가능했던가게들이었구요. 근데 이제 코앞가게만목록에 뜨네요 너무불편합니다. 멀리있는 가게들도 표시되게 이전처럼 수정해주세요
97,la,1,2020년 10월 25일,"안녕하세요 배민을 거의 매우 이용하는 사람입니다. 한 가지 건의사항이 있어서 리뷰를 남겨봅니다. 현재 다양한 기능이 생기면서 많이 편리해졌습니다. 하지만 배달팁 2,000원 이하 1,000원 이하를 설정해도. 배달팁 0~4,000 이런 가게도 검색이 됩니다. 1인분만 시켜먹는 저로썬 상당히 쓸모 없고 불편합니다. 그래서 건의하고 싶은 내용은 최소 배달팁, 최대 배달팁 항목이 추가되어 최소 1,000원 이하 ~ 최대 2,000원 이하 이런식으로 설정해 배달팁 1,000원 ~ 3,000원으로 등록된 가게들은 출력이 안되도록 했으면 좋겠습니다."
98,김지담,1,2021년 12월 5일,"편해서 애용했었는데 최근들어 불편해졌습니다 ㅋㅋ 1) 메뉴가 많아졌는데 감당이 안됨, 특히 원하는 가게를 검색하기 불편함. 배민1 카테고리 안에 검색 ui가 없는건 진짜 미친것같음 2) 쿠폰을 배민1에서만 사용할 수 있는 이벤트를 하는데 관련가게 노출에 배민1이 아닌 가게도 노출시켜서 혼동이 옴 사실 2번때문에 개빡쳐서 리뷰적으러 온게 가장 큽니다. 제가 개발자는 아니지만 이 정도는 솔직히 내 주변 가게 노출 관련 로직 조금만 건드려도 쉽게 고칠 수 있을 것 같은데............ 어떻게 좀 해주시면 좋겠습니다."
99,Jihyun Ra,1,2024년 7월 15일,"분명 업데이트를 했는데... 슬라이드가 개선이 안 된 것 같아요. 가게 쭉 내려보고 있었는데, 메뉴 동작에 걸려서, 아래로 내려가지지도 않고, 가게 음식 사진이라도 보려고하면, 상단 메뉴가 옆으로 넘어감. 이게 10초에 한 번씩 있는데. 너무 빡침. 분명 어플 관리하는 분들도 사용해보셨을거고, 문제를 아실텐데. 음식 하나 고르는 데 굳이 이렇게 열 받을 필요가 있나 싶음. 가게 음식 사진 같은 거 없어도 되니까, 차라리 예전 걸로 돌아와주세요. 속 터져요."
100,조다빈,1,2021년 12월 11일,"업데이트 후 배민 앱 지움. 이름이 배달의 민족인데 무슨 쇼핑라이브에 b마트에 요상한걸 많이도 만드셨네요. 배달만이라도 꾸준히 잘하려고 노력했으면 정-말 좋았을텐데 초심으로 돌아온다면 그때 다시 사용 할 예정. 이만 요기요로 가겠습니다. (시각적으로도 불편, 시간적으로도 불편함. 업데이트하신 개발자는 사용자가 편리하게 사용가능한 어플 개발에 더 노력해보시길 바랍니다.)"
101,아지의세상살이,1,2021년 6월 15일,업데이트 왜한거임? 배달메뉴가 메인인데 배달시키려고 들어가면 전보다 한번 더 터치해야되는데 대체 누구 머리에서 나온 아이디어인가요? 직관성이 너무 떨어지네요. 다른거 광고하고 장사하려고 하다 기존 사용자들을 잃어버리네..
102,Google 사용자,1,2019년 6월 22일,km거리로 볼수있는 버튼이 사라지고 나서 시골이라 그런지 뜨는게 정말 없었어요. 주위에 가게는 없지만 멀리서도 배달비 받고 오는 지역인데 가까운 거리순만 보이게 해놓으니까 뜨는게 없더라구요ㅋㅋ 슈퍼파워광고란?에 가게 세군데 뜨는거 막 새로고침 해가면서 찾아보는등 되게 불편해도 그래도 의리로 꾸역꾸역 참고 썼는데 이번 00가 쏜다 이벤트 보고 그냥 탈퇴합니다. 이벤트때문이 아니더라도 제가 사는 동네에서는 진짜 쓰기가 너무 불편했는데 이번 기회에 다른 어플 사용해보니 더 잘뜨고 쓰기가 훨씬 편하네요. 갈아탑니다
103,lee david,1,2024년 6월 5일,"원래 리뷰 잘 안남기는데, 씁니다. 고객 동의 없이, 또 선택권 없이 '배민클럽'에 가입 시켜 놓는 바람에, 오토바이로 빠르게 배달 받을 수 있던 한집배달을 쓸데없이 자전거 배달로, 배달이 돌고 돌아 옵니다. 이런 어이없고 무례한 정책에 실망하여 오늘 마지막 주문을 끝으로 4년간 꾸준히 써 오던 배달의민족을 탈퇴하고 어플을 지울겁니다. 배달비 논란이며 등등 그 어떤 논란에도 남아있었지만, 이번엔 선을 넘었네요. 그동안 잘 썼습니다."
104,아린,1,2021년 3월 26일,앱 정말 잘 쓰고 있습니다. 그런데 한가지 건의 드려도 될까요? 배달팁 낮은 순서로 했을 때 0원~3000원과 1000원이 있으면 0원~3000원이 먼저 뜨더라고요. 최소가격을 기준으로 한 것 같은데 실제로 배달을 시킬 때는 단체주문을 제외하곤 최대가격 혹은 최대에서 1000원정도 깎인 가격의 배달팁을 지불하는 경우가 대부분입니다. 배달팁을 고려하고 주문하는 사람이 저를 포함해서 적진 않을 것 같은데 그런 입장에서 이 기능이 처음 생겼을 땐 기뻤으나 실제로는 쓸모가 없다고 봐도 무방합니다. 배달팁 최대가격을 기준으로 한 배달팁낮은순 정렬 기능을 만들어주실 수 있나요? 그리고 리뷰를 볼 때 보고싶은 메뉴를 설정해서 볼 수 있는 필터링 기능이 있다면 좋을 것 같습니다. 글 읽어주셔서 감사합니다.
105,hj p,1,2021년 4월 17일,"평소 배민 앱 잘 이용하고있습니다. 한가지 배달서비스관련하여 개선했으면 하는게 있는데, 문앞에두고 전화/문자 요청시에 절반정도는 냅다 벨누르고 그냥 주십니다. 요청 선택지가 크게 의미가없는것같다고 느낍니다. 타사앱 쿠팡이츠에서 주문시에는 배달요청사항이 비대면서비스 배려가 잘되어있고(선택지 세분화) 초인종 여부가 나뉘어있어 좋다고느꼈습니다. 그리고 대부분 요청한대로 정석으로 주시고 기사님 개인문자가 아닌 앱을 통해 사진을 받을 수 있어서 좋았습니다. 그리고 개인적으로는 전화가 오는것보다 문자로 문앞수령 안내받는걸 선호하는데 해당선택지가 없어서 직접써서 문자달라고 요청드리는데 그닥 이루어지진않아서.. 요청사항 선택지에도 전화뿐아니라 문자요청이 있었으면 좋겠고 실제로 요청대로 기사님 반영이 잘되면좋겠습니다."
106,지원,1,2021년 12월 29일,정말 최악의 앱이에요. 수수료는 엄청 챙겨가면서 제대로된 관리는 하지 않습니다. 배달기사들의 매우 잦은 실수와 대체 몇개의 음식을 한번에 배달하는건지 기본 1시간 넘는 배달시간으로 가게에 문제가 생겼나 전화해서 점주가 배달기사에게 전화해보고 전달해주고 귀찮았던적이 한두번이 아닙니다. 피크시간도 아닌데도 엄청나게 오래걸립니다. 고객이나 가게 점주의 배달기사 블랙리스트제도가 무조건 필요합니다. 개선될 때까지 쿠팡이츠 사용하고 있겠습니다.
107,Google 사용자,1,2020년 4월 3일,"1. 음식점 리스트 중 수수료 가장 비싼 오픈리스트. 기존 랜덤 3개가 최상단에 떴는데 이젠 제한 없음. 오픈리스트 가입하지 않으면 가게가 보여지지 않음. 점주들 수수료 오지게 빼먹으려고 꼼수 오짐; (점주들 위하는척 고객 위하는척 기만도 오짐) 2. 점주들이 고객한테주는 쿠폰도 오픈리스트 가입자만 줄 수 있게함ㅋㅋ;; 오픈리스트에 안올리면 아래에 묻히고, 고객한테 쿠폰 제공도 못하고. 이건 강제고 횡포입니다."
108,Google 사용자,1,2019년 2월 4일,"음식을 배달해 먹는 것이 매장식사보다 가격이 몇천원 비싸고, 브랜드 할인 이벤트가 적용되지 않아도 어차피 차비 따지면 그게 그거다 생각하고 이용했는데, 최소주문금액에 배달비까지 따로 생긴 거 확인 후 방금 삭제했습니다. 그간 편하게 이용했는데 이제는 가격맞추려고 3인분 주문 + 배달비 따지니 혼밥하는 사람이 한끼에 2만원을 넘게 써야하더라구요. 앱자체는 좋아서 그동안 잘 사용했어요. 다만 이제는 제가 쓰긴 힘든 앱이네요. 나중에 동거하거나 결혼하게되면 다시 깔겠습니다."
109,뚜비뚜밥오뚜기밥,1,2021년 11월 13일,다른 사람은 볼수 없는 본인만의 메뉴 메모장이 있으면 좋겠어요 예를 들어 중국집에서 짜장을 시켜먹었는데 이집은 짜장면이 좀 많이 달더라 이런걸 간단하게 메모할 수 있고 나중에 시켜먹을때도 그 메뉴 아래 내가 적어놓은 메모가 항상 보이면 좋겠어요 음식점은 많은데 시켜먹었던 곳의 어떤 메뉴가 어떤지 나만 알수있게 표시하고싶어요
110,전종률,1,2024년 11월 26일,식당별로 메모할 수 있는 기능 추가 부탁드립니다. 예를 들어 이집에서는 배달 시키기 싫은데 시간이 지나면서 잊어버리고 다시 시키는 경우가 있네요.메모 할 수 있다면 이 식당은 이런게 별로다. 이런게 좋다. 재주문시 도움이 많이 될듯 하네요.
111,Google 사용자,1,2019년 2월 26일,잘쓰고있다가 방금 어플 실행하니까 잘못된요청입니다 (오류코드 40000000) 다시시도 누르면 무한루프네요 이상해서 어플삭제하고 폰 껏다켜서 다시설치해도 똑같음 뭐어째야되는건지; 집에 와이파이로 해도 똑같고 데이터로해도 똑같음; 개빡치네연;
112,LoveYU,1,2023년 4월 2일,노트20울트라 사용중인데요 배민 알림이오면 폰화면 전체가 켜집니다. 제폰이 간편알림 설정해놔서 다른앱들은 알림와도 aod화면에서 간략히 한줄로 알림뜨는데요 유독 배민만 광고등의 알림시 폰화면 전체가 켜져버립니다. 개선해주실수없을까요?
113,///,1,2024년 5월 26일,"바뀐 UI 너무 불편합니다. 배달 방식별로 따로 구성한 것도 불편하고, 배민배달로 들어가면 한집배달 형식으로 보이는 것도 불편합니다. 이전처럼 가게 정보 확인 후에 포장도 가능하게 탭을 나눠주세요. 리뷰 탭 버튼으로 들어간 것도 불편합니다."
114,Google 사용자,1,2020년 4월 19일,업데이트 하고 너무 싫어져서 삭제하는 겸 리뷰 새로 씀. 피드백 될지 모르겠지만 이러단 망할거같아 적는거임. 1. 맛집 골라서 먹으려고 주문많은 순/평점 높은 순으로 필터링하는거 좋아했는데 지금은 없어졌고 그냥 광고비 많이낸 울트라업체가 위에 너무 떠서 맛집 찾기가 힘들다. 번거롭다. 2. 업체에서 수수료를 얼마나 받아먹길래 ㅡㅡ 점점 비싸진다. 단골가게에는 직접 연락하는게 나을정도임 이젠. 배민이 너무 돈독이 올라서 초심 잃은 모습. 배달어플은 딱 중개하는 수준인거지 그게 어려운 어플도 아닌데 경쟁어플도 있는데 너무 자만하는거같다. 실망스럽다. 멋진회사같아서 입사지원도 할라했는데 요새 행보가 너무.. ㅃㅃ
115,ha a,1,2023년 1월 21일,"찜매장 구분 좀 해주세요! 대체 언제쯤이면 개선될까요?? 독점이라 해이한건가요? 유명한 앱 치고 결제 관련 부분도 정말 별로고, 앱 구성이 정말 단순합니다. 배민페이 사용절차가 힘들어 안쓰고 있구요. 다른것보다도 찜해놓은 매장들 한식, 양식, 중식, 카페.. 업종별로라도 구분 좀 시켜주세요. ㄱㄴㄷ순으로도 안되어 있고... 찜매장이 한두개도 아닌데, 이름을 전부 외울수도 없고... 매번 찾기가 어려워서 재검색하거나 주문했던 목록에서 찾고 들어갑니다."
116,ByoungSun Park,1,2020년 10월 29일,배달의 민족이 대한민국 최고의 배달앱이라는 것은 뜻깊이 인정하고 있습니다. 타 회사의 배달앱보다도 확연한 차이가 있으며 정말로 최고의 배달앱입니다. 그런데 한 업소에서 한 카테고리(야식)에서 동일한 업소가 8개이상 중복되어 나타나는 경우가 있습니다. 물론 같은 카테고리에서 광고 허용 범위의 제한이 없더라도 같은 카테고리에서 광고의 개수를 제한하지 않는데에 있어서 불편함이 많습니다. 흔히 도배라고 하죠. 이런 것을 막기위해 최소한으로 같은 카테고리의 광고 개수를 제한하는 것을 요청드리고자 합니다. 긴 글 읽어주셔서 감사드리며 감사인사 드립니다. 지금 코로나19시대에 걸맞는 최고의 앱입니다. 항상 수고하시고 응원하겠습니다.
117,Google 사용자,1,2019년 8월 4일,몇달동안 개속 사용하는데 너무 잘사용하고있습니다! 도시락쪽 에 한솥이란곳이 있으면 좋겟지만 아쉬워도 메우 잘사용하고있고 결재하는것도 매우편하고 사용하기도 편해서 좋습니다. (도시락쪽이 좀더 좋은곳이 있었으면 좋겟습니다..)
118,Google 사용자,1,2019년 8월 27일,배달 음식이 개인의 취향에 따라 입맛이 틀리기 때문에 때론 맛도 허접하고 개념 없는 사장도 있있지만 .. 이곳 저곳 잘 찾아 맛있는곳 찾으면 단골이 됩니다 .. 편하게 집에서 음식을 즐길수 있는 대한민국이 대단 합니다~^^배달의 민족 다양한 음식점이 많아 별점과 리뷰 보며 잘 찾아 맛있는 음식 먹을수 있어 좋아요~^^
119,김태현,1,2024년 3월 26일,"주문할 때 배달방식(알뜰, 한집) 선택 없어주셨으면 좋겠습니다. 너무 불편하고, 이용할 수 없겠습니다. 현금결제도 없어졌다는 것도 상당히 불편합니다. 저도 현금결제 하는 편인데.... 다른 분들도 현금결제 하시는 분도 계실 겁니다. 웬만하면, 원래대로 모습으로 해주셨으면 감사하겠습니다."
120,WS Park,1,2021년 3월 7일,"이벤트성 페이지에서 오류가 종종 발생하는데 실시간 상담같은 cs로 상세한 내용과 분석, 캡쳐까지 포함해 문의를 남겨도 해결이 안됩니다. 대화중 10분이상 대기해야 한마디 답변을 들을 수 있는건 기본이고, 그마저도 제대로 읽어보지도 않고 문제없다는식으로 대충 넘어가려고 하네요. 마지막에는 위에서 했던말 다시 반복하고 일방적으로 상담을 종료해버렸습니다. 메시지가 아예 전송도 안되게 막혀버리더군요. 시장 독과점의 폐혜가 이런건가 새삼 느끼게됩니다."
121,S hadow,1,2020년 9월 19일,배달앱을 사용한다는걱 대부분 배달을 시키려고 사용하는 것이다. 근데 배달의민족은 포장도 같이 사용하고 있다. 그래 그건 그렇다 치자. 근데 몇몇 상품은 처음부터 포장으로 체크되어 있었다. 멋모르고 주문시키면 주문이 안온다.... 나중에 알고 찾으러 가야 한다. 처음에 배달로 체크가 되어있어야 하는게 당연한게 아닌가?
122,Google 사용자,1,2018년 11월 23일,앱사용 편리하고 전화안하고 주문하는거 편하고 좋아요 그래도 자주시키는편인데 쿠폰이 넘 적어요 편리한거외엔 장점을모르겠어요 엄청싸다거나 이벤트가많다거나 그런건없어요 경남지역인데 음식점이 이어플이젤많아서시키는거지만 다른어플에 비교하면 할인이나 혜택부분은 미흡한거같아요
123,니가가라카와이,1,2024년 4월 5일,"삭제하기 전 참고해서 변화가 있길 바라며 글 남기고 갑니다. 이용하는 동안 정말 편하게 썼습니다. 어플 편의성으로만 보면 별4개 정도이나, 한개주는건 얼탱이가 없어서. 3월 약 50만원을 지출하고 등급이 업데이트 되었다고 톡이 왔는데요. 발송일 4월2일, 만료일 4월7일. 한달 지속도 아니고 5일 후 만료에 어처구니가 없습니다. 쿠폰도 다양성 따윈 없고 이용빈도 낮은거 4장. 등급에 대한 별도 혜택도 없는데 등급이 왜 존재하는지 의문입니다. 많은분들이 이용해서 꽤나 규모가 큰 업체로 성장하셨는데, 그에 반해 혜택은 별 볼일 없네요. 번창하세요"
124,Yoon-a Lee,1,2023년 2월 26일,"배민 쭉 써왔고 쓴소리 하나 하려합니다. 중간다리 플랫폼으로서 식당/유저 사이 중재자 역할을 하는 것이라면, 양쪽의 편의성을 제고하는 방향이어야죠. 전체 주문 중 일부 음식만 이상이 있어서 부분환불을 원하는데, 일부취소가 매우 복잡하게 되어 있는 시스템이라(재주문 필요) 식당이 일부취소를 포기하게 만드시네요? 전체 환불해주시겠다는데 그건 말도 안되게 식당 손해이신 것 같아서, 식당과 직접 전화해서 해결하는 중인데요. 앱 개선 제대로 하세요. --- 답변 보고 리뷰 보충하는데요. 저는 지금 고객센터 활용법을 문의/cs 센터에 불만을 제기하는게 아니라(실시간채팅 저도 알아요), 주문 내용의 일부취소가 되지 않고 전체취소 -> 재주문 이라는 방식을 통해 실질적인 일부취소를 우회적으로 만들어내야 하는 현 시스템 개선을 요구하는 것입니다. 우회적으로 일부취소를 해야하는 번거로움 때문에 여러 음식 중 하나의 음식에만 문제가 있는 경우라도, 전체취소를 해서 식당이 손해를 보고 있는 현실이에요"
125,부림자리토씨,1,2022년 9월 3일,1. 메뉴별로 리뷰를 볼 수 있는 기능이 있으면 좋겠습니다. 내가 시키려는 메뉴가 맛있는지 바로 확인이 안되어 불편합니다. 2. 리뷰창에서 제가 쓴 리뷰만 골라 볼 수 있으면 좋겠습니다. 맛있게 먹었던 집이었는지 기억이 잘 안나는 경우가 많아요. 3. 리뷰를 작성하고 확인 버튼이 안보입니다. 이게 전에 개선이 된 것 같았는데 또 그러네요. 사진첨부를 클릭했다가 다시 돌아와야만 확인버튼이 보입니다. 리뷰 쓸때마다 너무 불편합니다. Lg 벨벳 사용자입니다.
126,Google 사용자,1,2019년 10월 21일,안녕하세요 개발자님. 항상 배달의 민족 편리해서 잘 이용하고 있습니다. 다만 아쉬운 점이 두가지가 있는데요. 첫째. 교환권이 있을때 늘 전화로하면서 교환권 바코드 번호를 불러 드려야지만 주문이 가능한데 배달의 민족에서도 주문할때 교환권 바코드 번호 입력해서 번거롭지 않게 앱에서도 교환권으로 결제 기능이 있었으면 좋겠어요. 둘째. 전화 주문도 결제 완료건에 한해서만 누적 주문 횟수로 가능하게끔 해주셨으면해요 불편사항은 없고 다음 업데이트때 이 두가지 됬으면 좋겠네요~
127,Google 사용자,1,2019년 8월 23일,너무 주문하고 싶은데 회원가입이 안됩니다..ㅠㅠ 인증번호를 아무리 발송을 해도 문자가 안옵니다. 스팸차단처리도 안되어있고 폰 기기의 문제도 아닙니다. 통신사도 입력하게 하던가 하셔서 발송을 정확하고 신속하게 좀 해주세요
128,Google 사용자,1,2019년 6월 9일,잘 쓰곤 있지만 두 가지 아쉬운 점. 1. 리뷰를 볼 때 주문한 메뉴가 뭔지도 같이 볼 수 있었음 좋겠음. 사진보면서 어떤 구성인지 추측해야함... 2. 기존 회원에게 혜택이 거의 없다고 봄. 신규 회원만 잡으려고 할게 아니라 포인트 적립좀 늘렸으면
129,Google 사용자,1,2018년 9월 15일,"우선에 배달음식많이시켜서드시는분들은 포인트도줘, 배달시킬때 소심해서못시키거나하시는분들분명있는데그런분들위해앱결제바로결제도되고,다먹고난뒤 사진리뷰에평점까지 리뷰를보고도 어느음식점이 괜찮은지 고를수도있고,그가게에 피드백도 가능하고...저는한번했더니 잘드셨냐고가게에서전화까지왔었어요 그냥전화해서시키는거보다는 훨씬좋은점들이많고 다른리뷰쓴분들은 폰이문제가아닌가요 이때까지잘만시켜먹었는데ㅎㅎ그냥뭐두말할필요없이 좋은점들만가득한거같아요제생각엔!ㅎㅎ배민사장님 앞으로도더좋은기능많이추가해주시고 흥하세요!"
130,안현철,1,2023년 2월 2일,최근 업데이트가 안드로이드5사양 정도에서는 안되는것 같습니다.. 배민 어플 실행시 업데이트 하라고 나오고 업데이트 누르면 업데이트 진행은 안되고 열기 나오고 열기 누르면 업데이트 나오고 무한반복.. 수없이 삭제와 재설치 환경설정등을 해보아도 같은 증상이네요.. 다른분들도 다 같은 증상으로 보이는 글들을 보니 이번 업데이트 관련 파일 확인이 필요해 보입니다 참고로 사양 높은 폰에서는 잘되는거 보니 핸드폰 사양 문제가 이번 업데이트에 있어 보입니다
131,한현준,1,2021년 11월 11일,첫주문 할인이 쿠폰을 가지고 있어도 첫번째로 주문해야 적용 되는 것 같더군요. 심지어 할인 적용 하기까지 검정색으로 활성화 표시가 되어 있는데도 누르면 적용 안되는게 불합리한 부분이라 생각됩니다. 두가지 시키려고 했는데 시키는 순서 때문에 할인 적용을 못받게 되어 아쉽습니다.
132,장원,1,2023년 12월 2일,앱 첫 페이지에 '알뜰 한집배달' 버튼 반으로 둘이고 그옆에 '포장'버튼 넣으면 안되는걸까요. 상식적으로 배달 옆에 포장이 있어야된다고 생각하는데요. Ui같은 부분에서 어떻게 앱이 업데이트 하면 할수록 더 퇴화되는 느낌이 드는건가요. 지금도 쓰기 불편한데 앞으로 얼마나 더 불편해질까 당혹스럽습니다
133,the oracle,1,2021년 8월 14일,앱이 점점 퇴화되는듯. 뭘 볼려고 하면 전과달리 두번이상 눌러들어가야되고 검색도 누른다음에 다시 검색또눌러야 검색할수있음 앱개발자 자르고 다시 뽑는게 나을듯 메인화면에서 할수있는게 없는 거지같은 앱 오랜만에 경험하는듯
134,이민경,1,2024년 1월 13일,다른 거 다 필요없고 메뉴를 장바구느에 담는 기능 중에 장바구니 저장 기능도 만들어주시면 안될까요?? 빵집에서 먹고싶은 빵들 종류가 다양해서 하나하나 보면서 장바구니에 담았는데 다른 빵집꺼 한 번 담았더니 어떤 빵을 담았었는지 몰라서 다시 찾아야하는 번거로운때문에요..ㅠㅠ 장바구니 메뉴 저장기능이 있으면 전에 먹었던 메뉴들 그대로 불러올 수 있었으면 좋겠습니다
135,박현재,1,2024년 1월 28일,다른건 다 괜찮은데 위아래로 스크롤 하는데. 계속 잘못 인식하고 옆으로 갑니다. 예를들어 B마트에서 물건 고르려고 위래로 움직이는데 계속 포장 쪽으로 이동합니다. 매우 센시티브합니다. 앱개선이 필요해 보입니다. 너무 불편해요
136,방준호,1,2021년 8월 12일,왜 매장과 전화연결을 못하게끔 바뀌었죠?? 주문 잘못들어가서 바로 전화해서 수정하려했는데 결국 못찾아서 매장주소 지도검색해서 찾았습니다....이미 주문은 다 들어간 상태고...채팅상담같은 바로 연결도 못하는 쓸모없는거 말고...전화연결이나 다시 롤백해줘요..
137,조용재,1,2020년 6월 22일,"최근 기능 업데이트이후에 전면메서 메뉴를 한번에 볼 수 있어서 좋아진 것 같아요. 기능적으로 불편한 건 없지만 비즈니스적으로 업주가 별5점 강요 및 서비스를 제공하는 부분은 어느정도 검열이 필요해보입니다. B마트의경우, 셀렉션확장을 주력으로 하는것이 중요해 보이며, 본래의 컨셉에 맞는 밀키트에 주력하고, 마진구조 개선을 위해 PB도 고민할 필요가 있습니다. 타겟에거 맞추고 비즈니스의 고유한 방향은 유지해야하지만, 마케팅적으로 모객할수있는 구색도 갖춰져야합니다. 코로나때문에 어려움은 있지만 바캉스/휴가 관련한 편의 제품을 구비하는것도 좋을 듯 합니다. (체온계, 방수팩, 물총, 썬크림, 셀카봉 등등)"
138,허만우,1,2024년 7월 24일,"앱 인터페이스와 가게리스트 스크롤시 버벅임, 가게리스트 인터페이스가 저급 동네어플에서나 볼수있을 정도의 낮은 퀄리티... 사용자 더 빠지기 전에 앱 손보세요. 최소 쿠팡 정도는 되야 세련됬다고 하지요. 요기요, 하다못해 먹께비등도 훨씬 세련된 앱경험을 줍니다. 정 안되면 앱 구성 바뀌기 전 상태 정도라도 되돌려 놓으세요. 사용자 다 빠져 나갑니다. 경고. 답변 댓글은 형식적으로 쓰지말고 결정권 있는 사람이 읽어보고 답변하세요."
139,달달디,1,2024년 1월 23일,"왜 배달이 사라지고 자체배달이 생긴걸까요? 이제 알뜰이랑 한집배달만 남은건가요? 일반 배달은 없는건가요? 홈화면을 직접 설정할 수 있는 기능이 있으면 좋을 것 같네요. 그리고 예를들어 치킨을 검색한 후 찜 많은 순으로 하면 중간에 찜갯수가 낮은 가게들은 뭔가요? 찜 많은 순이 찜 많은 순이 아니게 되었어요 광고비를 받아서 한다고 해도 너무 심합니다,,,,"
140,D J,1,2023년 5월 29일,"가게 리뷰에서요! 원하는 ""메뉴"", 리뷰를 따로 볼 수 있게 필터링 기능이 없잖아요! 근데 리뷰를 적을때 ""추천"" 표시와 함께 먹은 메뉴를 나타낼 수도 있는데, 왜 이 필터링 카테고리 기능을 추가하지 못하고 있는 건가요?? 리뷰 데이터들을 다 분류해서 보관을 안해서 개발시 데이터 불러오기가 어려우신 건지, 이 카테고리 기능이 굳이 필요가 없다고 생각하신 건지, 개발하기 어려우신건지 순수하게 그 이유가 너무 궁금합니다 관련 요청이 많았음에도 불구하구요!"
141,Google 사용자,1,2018년 10월 20일,"주문 리뷰 수정도 원활히 안되요. 1.수정할게 있어서 수정했는데도 안 되고, 2.방금까지 잘 뜨던 이모티콘이 수정한번 하니까 오류뜨는 것처럼 ?alfju 이런.. 딱 누가봐도 진짜 오류난 게 티가 난.. 그 후로도 다시 몇번을 이모티콘으로 수정을 해도 오류난게 안 바뀝니다. 저는 두 경우를 한번에 겪었구요. 삭제했다가 다시 쓸 수 있는 줄 알고 삭제하는데도 삭제 제대로 안되고, 그렇게 몇번을 시도했다 지워져서 어 이제 다시 써봐야겠다 하는데 리뷰 이미 작성했다고 안 써지더라구요. 다시 쓸 수 있게 좀 바꿔주시면 안될까요? 아니면 삭제하시면 다시 못 쓴다고 경고창을 좀 띄워주시던가.. 영 불편하네요. 저 같은 사람 어딘가에 있을 거 같은.. 제발 좀 부탁드려요~"
142,Google 사용자,1,2019년 6월 8일,갈수록 어플이 걸래가 되가네요. 단순한 어플이 뭔 기능이 필요하다고 쓸데 없는 기능만 추가하며 최적화를 말아먹는건지? 점점 무거워 지더니 결재하는 것도 어려워지네요. 비지니스 방침 다시 생각 해보시길.
143,Google 사용자,1,2019년 11월 2일,다른 배달앱보단 좋아서 자주 사용하고 있습니다. 그리고 1인분 메뉴은 좋은 아이디어인거 같습니다만 특정가격이하는 배달비를 받는것에 대해서 굳이 1인분 메뉴가 필요한가라는 의문이 드네요. 배달비가 싼것도 아니고 배달비를 안내기 위해선 특정가격까지 주문해야하는데 1인분의 의미가 있습니까?
144,Google 사용자,1,2019년 1월 9일,배민앱 잘 쓰고 있어요. 그런데 배달해주시는 분들이 영수증 떼는 기계를 들고 다니지도 않으면서 앱에서 영수증 발급 버튼이 정상 동작하지 않으면 어쩌자는건지 모르겠습니다. 멀리 떨어진 가게에 직접 가서 받으라는 건가요; 여태까지 만나서 결제를 해도 항상 영수증 발급이 잘 됐는데 딱 어제 결제한 내역이 안되길래 상담문의 했더니 상담원 분이 바로 결제할 때만 영수증 발급 된다고 하시고. 시일이 지난 영수증이 출력 안 되는 건 이해하겠는데 도대체 영수증 발급은 어떻게 해야지 나오는 버튼인가요 당최. 이래갖고 회사 야식 주문할 수 없을 것 같네요.
145,Google 사용자,1,2018년 12월 2일,배민 초창기부터 사용하는 이용자입니다 배달 어플중에선 가장 좋아요 한가지 제안사항이 있는데 매장별 리뷰를 보면 사진과 함께 남기잖아요? 일반적으로 평을 보고 주문하는 편인데 사진만 봐선 사람들 뭐를 주문한건지 모르겠고 매장에 전화해서 몇번째 사진 메뉴가 뭐예요 물어보기도 애매하고.. 애초에 리뷰 달 때 어떤 메뉴를 주문했는지 상단에 정보도 같이 기재되면 좋겠어요. 이 메뉴는 이렇게 나오는구나 사진만 보고도 알수있게끔.
146,김지우,1,2020년 12월 31일,"회원으로주문하려면 isp설치하고, 페이북으로 회원가입후 카드등록하고, cvc 비밀번호쓴후. 결제할카드 등록후 결제. 이렇게했는데 ""해당카드는 결제요청시 선택하신카드사와다릅니다""뜨니까 뇌절이와서 때려치고싶네요. 결제한번하는데 할게 지나치게 많은것같아요. 요기요는 카드등록후 결제. 간단하게 결제되는데 차이 심하네요. 배달하고싶은집이 요기요에 없어서 어플사용하게 되었지만, 구매하기까지 10분정도 번거롭게 시간 들여야된단게 속상하네요. 답답해요참, 어차피 배달음식 할인목록도 적은것같구요.."
147,오희정,1,2020년 8월 25일,바로결제도 편하고요.티멤버쉽할인에 각종 프로모션으로 저렴하게 이용할수있고 다른 어플은 메뉴사진이 없는경우있는데 이건 메뉴사진도 대부분있어서 메뉴선택에도 도움이 많이되요.안쓸이유가 없는 어플^^
148,대한민머리협회장,1,2021년 1월 4일,배달 대행 어플 사용하는 이유가 전화하는 불편함을 최소화하기위함 이라고 생각합니다. 하지만 기프티콘 같은 경우에는 직접 연락을 해서 음식점과 마찰이 생길 수 밖에 없는 구조 입니다. 그렇기에 마찰을 최소화 하기 위해 기프티콘을 입력 할 수 있는 칸을 만들어 주셨으면 합니다.
149,Google 사용자,1,2018년 12월 21일,"다른 배달 어플보다 메뉴도 직관적이고 사용하기 편리하게 되어있고, 매번 전화주문만 하다가 앱 주문 처음 해봤는데 포인트 적립도 되고 좋네요. 카드결제도 네이버페이도 돼서 간편하구요."
150,Google 사용자,1,2019년 6월 15일,상호만다를뿐 같은 음식집인거가튼 곳이 있어요 추측이지만... 메뉴마다상호만다른 야식배달업체들가튼곳.. 음식의 질이 낮은데 리뷰만으로도 걸러내는게 쉽지않더라구요 업체소개가 더 잘되있어야할듯요 매장전경사진과 주방및 메뉴판사진추가 매장위치소개등요
151,Google 사용자,1,2019년 3월 24일,"대체 주문불가지역이라고 취소될 가게들은 목록에 왜 뜨나요. 지역 세분화를 좀 더 하던지, 결제단계로 넘어가기 전에 주문불가 경고가 뜨도록 시스템 마련을 하던지 무슨 대책을 좀 세웠으면 좋겠네요. 점심 한 번 먹으려고 메뉴 고르고 결제하는 과정을 세 네 번씩 반복하게 만들지 말구요."
152,ryeong yeong,1,2023년 1월 8일,"나만 겪는지 모르겠는데 검색하려고 타자칠 때 예시로 와플 치려고 타자를 쳤는데 검색창엔 오까지밖에 안 쳐지고 다른 글자들은 써지지않습니다. 그래도 이것만 아니면 편하게 이용은 하고있었어서 매번 메모장같은 거 켜서 거기다가 내가 검색하고 싶은 검색어 다 쓰고 복사 붙여넣기해서 검색합니다. 키보드에 문제가 있던 것도 아니며, 배민 쓰다가 업데이트 하니까 어느새 이런 오류가 생기고, 업데이트를 몇번 더 했었는데 고쳐지지도 않는 거 같더라구요. 겪는 사람이 나밖에 없었던건지.. 뭔지 모르겠는데.. 고쳐졌음 좋겠네요. 배달시킬 때마다 매번 다른 앱 켜서 글자쓰고 복붙하고 그래서;"
153,Hyung Jin Park,1,2024년 1월 15일,"배민앱 삭제했습니다. 휴대폰 2개에서 각각의 어플에 같은주소를 입력했는데도 배달팁이 달라서 부당사유로 차액만큼 환불요청을 드렸는데 처음엔 위치팁이 다르면 차이가날수있다(동일주소로 입력해서 위치가같음), 두번째엔 시간이 차이가 나면 배달팁이다르다(동일시간 캡처본 재송부함) 등 변명을 하시더니 세번째엔 프로그램 오류가 아니고 같은 주소지여도 위경도가 다르면 배달팁이 다를수도있답니다. 배달팁 다른화면, 같은주소 설정되있는지 캡쳐해서 보내달라고 하셔서 메일로도 송부드리고 했는데 결국엔 위경도까지 변명이 등장하는군요. 배달하는데 위경도까지 따져야하는가 봅니다. 암튼 잘 웃었습니다. 부자되시기 바랍니다."
154,김민주,1,2023년 1월 28일,잘 쓰고 있는데 있으면 좋겠는 것들이 있더라구요 1. 배달 카테고리에 샐러드류 추가 2. 찜 목록에 카테고리(음식 종류별이나 사용자가 설정) 기능 추가 이런 게 생기면 좋겠어요 특히 찜 목록.. 쌓이면 찾기 엄청 불편해요
155,곰돌이,1,2021년 4월 26일,피드백 1 리뷰를 볼때 검색창을 만들어서 특정메뉴를 검색할수 있으면 좋겠습니다. - 주문할 메뉴에 대한 평을 볼수 있어서 좋을듯 싶습니다. 피드백 2 찜한가게 를 볼때 그룹을 지을수 있으면 좋겠습니다 - 주소지가 다른데 한꺼번에 다 보여서 번거롭습니다 - 카테고리별로 그룹을 지어도 편하겠지요..
156,Google 사용자,1,2019년 10월 6일,"예전에 잘 쓰다 다시 깔았는데, 그땐 잘만 되던 위치 설정이 안되네요. 지도보고 수동으로 위치 설정해도, 설정해놓은 위치가 반영 안되고....기숙사라 학교랑 주소가 묶여있는데, 세부적인 위치 설정에서 계속 튕기니 배달시킬수가 없어요."
157,Google 사용자,1,2019년 4월 26일,"주소를 입력하면 주문 가능한 근방 식당들이 뜨는데, 거리가 꽤 되는 음식점까지 리스트에 올라 와 버려서 전화로 계속 주문 취소를 하게 됩니다. 어플 문제인지, 음식점이 등록을 잘못 해두었는지는 모르겠습니다만 불편함을 느끼어 리뷰 남기게 되었습니다."
158,David Kim,1,2022년 2월 2일,자기가 주문한 내역 검색기능 만들어주세요. 배달 많이 시켜먹다보면 여기서 과거에 시켜본적이 있는지 없는지 헷갈릴때가 있는데 과거 주문내역 스크롤 내려가면서 찾아봐야하는 어려움이 있음. 검색 기능 하나만 만들어주셈
159,램수면,1,2024년 8월 27일,"부탁들이건데, 제발 다크모드도 적용할 수 있게 해주시면 안될까요..? 배달어플에 영 생뚱맞은 요청으로 보일지 모르겠으나 눈 건강상 밝은 화면을 오래 보기가 힘든데 뭐 메뉴찾기도 힘들고 늘상 도움을 받거나 해야하는 어려움이 있습니다.. 이용에 불편함이 이만저만이 아니기 때문에 지푸라기 잡는 심정으로 리뷰남깁니다."
160,나나,1,2021년 1월 6일,"잘쓰고있어요 그런데 몇개만 개선해주셨으면해서ㅠ 1.음식점 메뉴별로 후기 볼수있게해주세요 2.정확히 뭐뭐시켰는지 뭘추가했눈지 다 뜨게해주세요 맛있어보여도 뭔지를 모르니깐 시킬수가ㅠ 3.사진리뷰 전체보기가능하게해주세요 그래서 전체보기해서 맛있어보이는 사진 눌러서 그메뉴 확인하고 주문할수있게 그러면 너무편할거같아요.. 2,3까진 그렇다치고 1이 너무간절해요 1이안되서너무불편해요"
161,zz ps,1,2022년 4월 19일,1. 사장님이 취소할 때 사유를 적을 수 있으면 좋겠음 2. 가게의 음식을 구입하지 않아도 한 줄 적을 수 있음 좋겠음(전화한통못받고음식여러번취소당하면좀그렇네요) 3. 메뉴별리뷰 볼 수 있음 좋겠음 4. 한 가게에서도 메뉴를 가격 순 정렬할 수 있으면 좋겠음
162,young ju son,1,2024년 6월 9일,"배민을 잘 쓰고있었는데요, 네트워크 연결이 정상(와이파이 4칸, 데이터 무제한)인 상황임에도 네트워크 문제로 배달이 되지않고, 이 문제는 휴대폰을 계속 껏다키고 어플을 삭제했다 다시 다운받는 행위를 거의 5번 넘게 시도했음에도 해결되지않고있습니다 빠른 시일 내에 해결부탁드립니다"
163,Google 사용자,1,2019년 4월 16일,편하게 주문할수있어서 좋아요. 근데 보통 리뷰 참고해서 시키는데 리뷰에 어떤메뉴를 주문했는지도 나와있었으면 좋겠어요 같이오는 음식인지 따로 추가주문해야하는지 헷갈릴때가 많아서요 그리고 사진에있는 음식이 양이 중자인지 대자인지 모르니 시킬때 고민이되더라구요
164,Google 사용자,1,2019년 6월 29일,"쿠폰사건부터 말이 많은데 대응도 프로답지 못하네요. 하긴 프로라고 하긴 좀 그런가요 전문직종은 아니니. 무튼 매크로 답변도 그렇고, 대응속도도 그렇고 말로만 하는 개선이 아닌 좀 보여주는 개선이 필요한 시점인것 같은데 말이죠. 아직 심각성을 모르시는건가.. 바로아래 몇개 리뷰만 봐도 고객들 목소리가 어떤지 보일텐데요. 카테고리 정리가 좀 잘되어있다 정도만 칭찬할만 하네요."
165,Google 사용자,1,2019년 2월 24일,"항상 유용하게 쓰고있습니다. 어플 관련해서 제안 하나 드려도 될까요? 대부분의 가게들이 기본으로 일회용 젓가락, 숟가락을 제공하는데 일반 가정에서 먹으면 사실 쓰지 않는 경우가 더 많을 것 같습니다. 저도 수저는 원래 집에있는걸 쓰다보니 사용하지 않은 일회용품이 나날이 쌓이고 있구요. 일회용 수저가 필요한 사람만 받을 수 있게 모든 가게의 주문옵션에 일회용 수저 신청 옵션을 넣으면 어떨까요? (주문시요청사항 혹은 결제방법 하단 등에 위치) 일회용품 사용을 줄이려는 정부 시책에도 부합하고, 기본값을 수저받음으로 해놓되 수저받기버튼을 해제할수있게 하면 필요없는사람은 받지않을수있으니 의도치않은 수저누락으로인한 불만도 없을 것 같습니다. 검토부탁드립니다. 감사합니다 ^^"
166,Baek Seongjun,1,2021년 12월 4일,"안드로이드 앱이 ios 앱에 비해 너무 구더기입니다. 플래그십에서도 반응 이렇게 느린 앱은 정말 하꼬 개인이 만든 앱이나 일부 주식 앱 빼면 흔치 않은데... 개발진들 게으름 탓이 크다고 봅니다. + 전반적으로 많은 기능들이 정리되지 못한 느낌이 강합니다. 메뉴 레이어의 층위, 하단 탭 등등 기타 ux에 대한 이해도가 도무지 느껴지지를 않습니다. 이건 안드로이드, ios 앱 공통적인 불만 사항입니다."
167,Google 사용자,1,2019년 1월 19일,발전에 대해 지속적으로 고민하는 앱이라고 느껴집니다. 자주 시켜먹진 않지만 1~2달에 한번씩 들어와보면 앱이 계속 편의성을 바탕으로 업데이트 되는게 보이네여. 그런 노력이 멌있어요!
168,야신,1,2020년 10월 12일,같은 가맹점이 너무 지저분하게 나오니 정신도 없고 매장 찾기가 어렵습니다. 쿠폰도 찾기 어렵고 매장 찾기도 어렵고 주문취소되는 경우도 많아서 요즘 다른앱으로 갈아탔네요. 배달앱이 어려운 기술도 아니고 편의성이 기본이 되지 않으니 사용할 이유가 많지 않습니다. 국내배달앱이라 사용했었는데 이제 외국기업이니 주문 편의성이나 주문취소 보상 등 개선이 꼭 필요해보입니다.
169,김뚜이,1,2022년 5월 6일,어플 정말 잘 이용하고 있습니다. 다만 기능이 추가 되었으면 하는 부분이 있습니다. 가게의 리뷰를 볼때 원하는 메뉴에 대한 리뷰를 선택해서 볼 수 있으면 좋겠습니다. 그 메뉴에 대한 리뷰가 궁금한데 처음부터 끝까지 찾아가면서 봐야해서 불편하더라구요!
170,신재호,1,2024년 7월 15일,"서비스 경험이 너무 안좋습니다.. 배달 기사가 부족한 상황이어도 배달 시간에 그게 반영되지 않는거 같습니다.. 심지어 추가요금을 지불하고 사용하는 한집배달인데도요. 배달 기사가 부족한 상황이면 최소한 그 시간이 예상 시간에 반영되어서 사용자가 알 수 있어야 하는것 아닌가요? 그리고 늦을 것 같으면 조리를 늦게 시작하든지 뭐 반영되는게 있어야 할텐데, 음식은 한참 전에 만들어지고 배달받으니 다 식고 눅눅해져서 거의 못먹었습니다.. 배달 현황 gps도 이상해서 한집배달 맞는지도 모르겠고요. 관련해서 고객지원 통해서 컴플레인해도 사과만 계속 하시고, 원하는게 있으면 얘기해달라니.. 늦었는데 뭐 어떻게 해드릴까요? 이런 느낌이어서 참 기분이 별로였습니다. 물론 상담원은 매뉴얼대로 대응했겠지만, 대응하는 방법 자체가 좋게 느껴지진 않았습니다. 일단 의견은 전달한다고 했으니 나중에 다시 사용할 마음이 생기면 리뷰 수정하든지 하겠습니다. 서비스 경험이 불쾌해서 한동안은 사용 안할 것 같습니다."
171,Google 사용자,1,2018년 12월 16일,설치한지는 좀 되었는데 이제야 리뷰 남기네요. 한번 적응하니 편리하구 좋아요. 잘쓰고 있습니다 ㅎㅎ 앱 키면서 항상드는 생각이 메뉴 선정인데요. 단순하게 메뉴 나열보다는 한쪽 공간에 몇개 질문을받아서 메뉴종류를 추천해주는 란이 있어도 재밌을꺼같아요.
172,Soyoung Pak,1,2022년 1월 21일,그가게의 특정메뉴를 클릭하면 그메뉴의 리뷰만 볼 수 있는 기능도 있었으면 좋겠습니다. 예를들면 ○○떡볶이집에 로제떡볶이메뉴를 클릭하면 그 메뉴의 리뷰만 볼 수 있는 기능이요! 그리고 가끔 옛날에 내가 이가게에 무슨 메뉴를 먹었었는지 까먹는 경우가 있는데 주문내역을 계속 내려서 찾기가 불편합니다. 그럴때 검색으로 빨리 찾을 수 있는 그런 기능도 있었으면 좋겠습니다.
173,Google 사용자,1,2018년 11월 7일,"새로 변경된 인터페이스 업데이트 되면서 더 불편해진 것 같습니다. 익숙한 예전 페이지가 더 좋았던 것 같아요 자주 배달을 주문해서 먹어도 등급 상향도 되어지는 것 같지도 않고 한 눈에 메뉴들이 들어오지 않네요. 소비자가 불편하면 업주들도 불편할 것 같다는 생각입니다. 그리고 슈퍼리스트 업체들은 맛으로 된 것이라 아니라 입찰 받아서 광고비가 엄청 나다는 사실을 알게 되었는데 주문하는 고객입장에서는 신뢰할 수 없는 점. ㅠㅠ 그래서 실속있게 진심어린 리뷰 답변을 올리는 사장님 매장으로 주문하고 있습니다. 돈도 경쟁이고 광고도 능력이겠으나 소비자는 허위광고를 보고 주문하는 건지도 ㅠㅠ 배민업체들 등록한 ""오픈시점을 날짜""를 정확히 기입해둔다면 고객들이 주문수를 보고 믿고 판단해서 주문하는 데 혼돈이 안 되고 리뷰 참고도 하면서 주문할 수 있을 것 같네요."
174,U Hey,1,2024년 11월 15일,"사용 방법이 간편해 매우 만족스럽습니다. 다만, 쿠폰 목록을 편집할 수 있는 기능이 추가되면 더 좋을 것 같습니다. 현재는 매장과의 거리가 멀어 사용할 수 없는 쿠폰이 쌓이는 경우가 많아, 이러한 쿠폰이 광고로서 적절한지 의문이 듭니다. 사용자가 필요한 쿠폰을 선택해서 관리할 수 있다면 더욱 편리하고, 이에 따른 만족도 또한 크게 향상될 수 있기에 업데이트를 기대해 봅니다."
175,정예린,1,2023년 9월 16일,메뉴를 클릭하면 그 메뉴 리뷰를 볼 수 있었으면 하는 생각이 늘 있었는데 최근에 생긴것 같더라구요 너무 좋았습니다 그런데 하나 더 추가됬으면 좋겠다는 디테일한 기능이 있었으면 좋겠다고 생각이 듭니다. 바로 가게 휴무일 캘린더입니다 메뉴바에 원산지 표기에 90%이상이 그냥 가게 소개입니다 어차피 정보바에 있는데 불필요하다고 느껴집니다 정보바에 중요 부가 설명을 젤 위 칸에 바로 밑에 사진을 넣을 수 있도록하며 메뉴바에 주문하면서 정보바 를 확인하며 위로 올라가지 않았으면 좋겠습니다 그리고 브랜드관이 홈화면 바로 앞에 위치했으면 좋겠습니다
176,고병진,1,2020년 7월 10일,불편한게 너무 많습니다. 결제 방법 바꾸기 누르면 멈추는 현상부터 이제는 결재 눌렀는데 배달팁 계산중이라는 오류만 계속 뜹니다. 모든 프로그램은 버그 잡는 것부터 시작입니다. 일좀 해주세요. 편의기능 이런거 좋습니다. 좋은데 없어도 지금 대충 쓸 수 있어요. 근데 결재도 안되고 결재방법이 안 바뀌는건 쓸 수가 없습니다.
177,Google 사용자,1,2019년 5월 4일,어떤 지역에서든 위치만 맞추면 쉽게 주문 가능한 점이 좋네요. 그러나 메뉴가 많은 곳은 특정 메뉴 외에 이미지가 없고 스크롤 하여 빠르게 메뉴를 스캔하기가 어렵습니다.
178,진우,1,2023년 2월 14일,배달하는 속도가 상당히 느리네요. 거리상 차타고 5분이면 도착할 거리를 20분이나 걸려서 도착하는 경우도 있는데요 한두번이면 넘어가겠지만 계속해서 늦게도착하는 상황이 이어지네요. 이 앱을 써서 시켜먹는 것 보다 가게에 전화해서 배달부탁 하는게 훨 빠르겠네요.
179,Hello Good,1,2021년 8월 5일,"잘사용하고 있습니다 새로 생긴 배민원 상점 리스팅 방식이 불편합니다. 한번에 여러개보고 싶은데 사진이 너무 커서 배달 시간, 배달팁 같은 글씨도 눈에 잘 안 들어옵니다. 대부분 사진대로 안와서 오히려 실망이 큽니다. 전 방식이 좋은 것 같아요 그리고 메뉴별 리뷰 모아보기 기능이 있었으면 좋겠습니다."
180,Google 사용자,1,2019년 11월 4일,"배달되는 곳도 많고 쿠폰도 있어서 좋은데, 만나서 결제 시에도 쿠폰을 적용할 수 있도록 해주셨으면 합니다. 배민에서 자주 시켜 먹는데 사정상 만나서 결제로 해야 하는 경우가 많아서 vip쿠폰을 쓰지 못하네요. 같은 서비스를 제공받는데 만나서 결제 시에는 쿠폰을 적용할 수 없는 이유를 전혀 모르겠습니다."
181,노한음,1,2020년 10월 30일,주문하려고 보면 메뉴 사진이 항상 잘려있어서 보이지가 않던데 고쳐주실 수 있을까요? 적어도 사진 보면서 주문하는 편인데 사진을 볼 수 없으니까 너무 불편하네요.. 핸드폰에 문제가 있어서 그런가 하고 삭제했다가 다시 깔아보니 그건 아닌 것 같아요ㅠㅠ 빠른 개선 부탁드립니다.
182,Lee JS,1,2023년 3월 23일,쿠폰 사용을 위해 주문 취소하려는데 취소버튼도 안 보이고 매장 전화연결 바로하기 기능도 없어 불편합니다. 다른 쇼핑앱은 사용 가능한 쿠폰 있으면 주문 전에 확인 시켜주는데 해당 기능도 있으면 좋겠어요.
183,liag S,1,2023년 2월 18일,배달앱으로 잘 사용하고 있습니다. 그런데 한가지 이해가 가지 않는점이 있네요. 음식배달앱에 왜 러쉬가 있는지..? 정관장은 건강식품으로라도 분류할수 있지만 러쉬나 사뿐은 본질을 흐리는 품목이 아닌지요? 입맛이 뚝 떨어졌습니다.
184,무무,1,2021년 8월 23일,"메인 카테고리에 플라스틱 용기를 사용하지 않는 매장, 비건식단을 포함한 매장을 조회할 수 있는 카테고리가 생기면 좋겠어요. 플라스틱 포장재를 이용하지 않으려고 하는데 그런 매장을 일일히 찾기가 어렵습니다. 제로웨이스트와 채식을 지향하는 이용자가 많아지고 있으니 진지하게 고려해봐주시면 좋겠습니다. 음식점 입장에서도 전략적으로 노출기회를 얻을 수 있으니 좋을 것 같습니다."
185,Yunhee Choi,1,2022년 3월 18일,1. 화면 스크롤을 할 때 자꾸 위아래가 아니라 좌우로 넘어가서 너무 불편해요. 2. 먹어본 집은 가게 리스트 상에 표시가 되면 좋겠어요. 주문한 횟수 표시면 더 좋구요. 주문기록은 단순 나열식이라 다시 먹고싶은 집을 찾기도 힘들고 다신 안먹을 실망한 집을 기억해내기도 어렵습니다. 3. 검색 정확도를 높이기 위해 필터에 음식점 종류를 구분하는 기능을 추가하면 좋을 것 같아요. 스테이크가 먹고 싶은데 파리바게트만 줄줄이 나오는 건 번거롭잖아요. 4. 대체 가게 연락처는 왜 안 적어 두시는 건가요? 전화연결 기능도 다 빼버리고... 고객센터도 무조건 채팅연결만 가능한데 그나마도 응답이 바로바로 오는 것도 아니라서 배달실수가 발생하면 정말 번거롭습니다. 자주 이용하는 앱이고 덕분에 편하게 맛있는거 잘 먹어서 좋기는 한데 사소한 불편사항으로 만족감을 잘 느끼질 못할 때가 종종 있어서 아쉽습니다.
186,Google 사용자,1,2019년 4월 7일,"언론에 노출된 이미지가좋아서 계속쓰고있는데, 사용도에 비해서 혜택은 크지않구요. 요즘들어 장바구니에 다른매장정보로 올라오거나 결제정보가 이상하거나 결제가 한번에 안되는 경우가 발생합니다. (결제 이상하면 심히 불안합니다) 어쩌다가 발생한경우라 다음에 또 발생하면 캡쳐해서 올리겠지만 에러가생길까 걱정한적 없이 사용했었는데 살짝 불안해지고 있네요. 인지도가 올라갈수록 사용도가 높아질수록 긴장하시고 잘 관리해주시기 바랍니다."
187,생당근,1,2024년 12월 1일,"찜목록을 지역별로 폴더링해서 볼수있게 만들고, 최근 바뀐 ui가 너무 복잡해요. 기능이 많은건 알겠는데 보기 불편하네요. 특히 배민배달이랑 가게배달 목록디자인에 차별을 둔건 좋지만 배민배달 목록이 사진만 크고 어떤 가게인지 한눈에 안들어와서 배민배달로 시킬 건데도 가게배달로 먼저 찾고 배민배달로 시켜요."
188,로로,1,2021년 7월 24일,진짜 좋아요! 배달 시켜 먹기 편리하고 몇분 남았는지 얼마 결제 되는지도 뜨고 여러가지 결제 방법이 있어서 정말 좋았어요! 여러번 시켜 먹었는데 불편한점 하나도 없었고 편하게 잘 사용했습니다! ㅜㅜ 불편한 점 있는 사람들만 여기 리뷰 쓰러 오나봐요 저는 편하게 잘 사용했어요!
189,Google 사용자,1,2019년 11월 2일,"31일까지 이벤트라고 하셨는데 31일에 업데이트 완료했음에도 이벤트 버전이 적용되지 않는 것은, 기종에 따른 업데이트가 차이가 있을 수 있다고 한 부분이 안드로이드 10부터 해당인가요? 갤럭시 S8 안드로이드 9인데 적용이 안 되어서 여쭤봅니다~"
190,김지,1,2020년 12월 30일,"배민은 채팅상담팀과 상담봇 개발진을 혼내야 할 거 같습니다. 물론 상담량이 많으면 상담이 진행되지 않을 수 있지만, 주문완료 후 해당 채팅방 연결이 매끄럽지 못합니다. 연결은 배달시간 무관하게 완료 후 보통되며 이때 팝업 눌러서 들어가도 채팅이 쳐지지 않음 (보내기 실패). 그러고 얼마 안지나 바로 무응답 종결처리까지... 개발도 더 하고, 채팅전담 인원도 더 뽑는게 어떨까요"
191,Kuma jin,1,2020년 10월 17일,평소에는 다른 어플을 주로 이용하다가 오늘 배민 어플을 깔고 오늘 등록 하고 첫주문 하며 느낀점 공유 드립니다. 1.회원가입부터 주문까지 정말 무슨 인증은 그렇게 몇번씩이나 하는지...몇번이다 포기하려다가 그래도 참고 첫 주문을 하였습니다 2.첫주문 끝나고 보니 배너에 첫주문 1만원 쿠폰이 보여서 들어가보니 이미 저처럼 쿠폰을 모른채로 첫주문을 정상가격으로 주문 완료 한사람은 영원히 받을수 없네요^^;;; 자동 쿠폰등록이나 사용이 되는것도 아니고 미리 알고 챙기는 분들만 사용이 가능합니다. 고객 관점에서 조금 더 편하게 가입할수 있게 하고 주문할수 있게 하지 않으면 경쟁사 앱 대비 사용을 안할것 같습니다. 그래도 배송기사님이 보내주신 안내 문자는 감사했습니다.
192,Google 사용자,1,2021년 6월 18일,진짜 왠만하면 이런거 안쓰려고했는데...첫화면바뀐거너무불편해요 !!! 그전것이 훨씬나았어요 찾기도쉽고 ㅠ 바뀐화면에서는 찜해놓은곳도 마이페이지눌러서 다시들어가야하고 .. 편하려고 화면개편하신거 같은데 사용자입장에서는 이게뭔가싶습니다.. 당연히 바뀐거라 익숙해질때까지 불편하고 불편하겠지만 .. 진짜 보기가너무불편해요 ㅠㅠ 이전께 보기가 훨씬편했어요!!!!!! 한눈에다들어와서좋았답니다.............
193,연주,1,2021년 1월 18일,필터 중복으로 체크할 수 있던 기능은 왜 사라진 건가요? 정렬기준을 하나밖에 선택이 안 되니 불편합니다. 배달비용 범위도 지정가능하던 게 왜 사라졌는지 정말 불편합니다. 1인 가구 특성상 과도한 배달비는 부담스러울 때가 있어서 배달비용 제한 설정이 가능한 부분이 음식점 찾을 때 용이했는데 그게 안 돼서 당황스럽네요. [정렬기준+배달비+최소주문금액] 이런 조합으로는 설정이 가능하던 게 다른 배달앱과는 다른 점이라 편리했는데 매우 불편해졌습니다. 다시 가능하게 됐으면 좋겠습니다.
194,애기햄지,1,2022년 9월 4일,"안녕하세요. 몇 년간 어플을 잘 사용하고 있는 유저입니다. 그런데 어플을 꽤 오래 사용하다보니 조금 불편한게 생겼습니다. 배달을 자주 시켜먹다보니 많은 가게들을 찜해놓게 됐는데, 찜한 가게가 많이 쌓이다보니 제가 원하는 가게를 찾기가 조금 번거롭습니다. 원하는 가게를 찾기 위해서는 스크롤을 하염없이 내려야합니다. 내가 찜한가게 내에 검색기능이나, 아니면 카테고리를 분류해서 볼 수 있는 기능이 추가된다면 사용하기에 조금 더 편리할 것 같습니다. 그리고, 찜한 가게를 선택해서 한 번에 여러개 해제할 수 있는 기능도 있으면 좋겠습니다. 찜해놓은 가게들 중 일부가 폐업 등의 이유로 주문이 불가하게 됐는데, 목록에서 자동으로 삭제가 되지 않고 남아있더라구요. 그런데 한 번 찜을 해제할 때마다 자꾸 목록이 맨 위로 올라가는 바람에 여간 번거로운게 아닙니다ㅠㅠ 목록이 보고있는 페이지가 고정되거나, 혹은 선택 삭제를 할 수 있는 기능이 있으면 좋을 것 같습니다. 감사합니다."
195,Google 사용자,1,2019년 2월 25일,"맛집 동네 검색 있음 좋겠음 메뉴 종류 선택 장애 들을 위해서요 글이 잘못 전달 된거 같아 추가 작성합니다. 우리동네 맛집 검색은 있는데, 상호를 알아야만 검색할수 있습니다. 상호 검색은 우리 동네에 무슨 맛집이 있는지 알때 하는거자나요 제말은 검색어 없이 위치 기반으로 주변에 등록된 맛집들을 보여주면 그중에서 선택 할 수 있는 기능을 얘기한겁니다."
196,sho_Ony,1,2020년 9월 14일,"메인에서 카테고리로 진입하면 텅 비어있거나 몇 안되는데, 검색하기로 찾으면 나오는 업체수가 상당히 많네요. 카테고리로 진입하면 배달 가능한 매장을 다 띄워주는게 아닌가요? 뭔가 범위가 엄청 좁게 설정되어있는 듯한 느낌입니다. 이 문제로 앱 내 문의하기 통해서 여러번 문의했는데, 최신버전 업뎃하라는 말같지도 않은 답변이 와서 여기다 적습니다."
197,Google 사용자,1,2019년 4월 7일,메뉴 이름으로 검색 안 되고 가게 상호명만 검색할 수 있는거 너무 불편해요. 그리고 한식에서도 세부 카테고리가 정해져 있지 않아서 찾는 게 힘들고요.. 인터페이스도 깔끔하지 않고 너저분 해진거 같고 (배민라이더스 서비스 오픈 이후 밑스크롤에 무언가 많이 생겼네요) 복잡해요.
198,Google 사용자,1,2019년 9월 21일,"오랫동안 애용중인 배민인입니다^^ 매장도 계속 추가되고 다양한 음식이 많아져서 정말 좋습니다. 하지만 아쉬운게 있다면, 메뉴사진이 추천메뉴에만 있어서 메뉴선택이 어려워요. 사진이 모두 있다면 메뉴선택이 더 수월할것같아요. 그리고가게 운영시간이 실제 운영시간과 맞지않은 곳이 몇몇있어서 불편함이 있고, 어느 가게는 배송료를 현금으로 받는곳이 있어서 현금이 없을땐 주문을 할 수 없어 아쉬워요. 어플사용에 항상 좋은 환경이 되게 개선 해주셔서 감사하며, 위 사항도 개선된다면 정말 더 좋을것 같아서 적었습니다. 수고하세요^^"
199,Google 사용자,1,2019년 11월 26일,많이쓰다보니 편하기는한데.배달팁이 너무 부담스러워요. 장기적으로 쓸때 이벤트나 다양한 혜택이 한번씩이라도 있으면 좋을거같아요. 지난번 반찬집 배달시에 배달팁을 배달후 요청해서 당황했어요. 자세히 보고 주문했어야하는 제 잘못도 있지만 어떤건 배달팁 같이써있고 같이 결제되는데..상품구매후 별도 배달팁요청 부분은 좀 그랬습니다.확실히 눈에 잘보이게 개선되어 주문시 착오없게되면 좋겠어요! 반찬가게등도 웰빙등 더 많이 업로드 부탁드립니다.감사합니다
